source_type,source_path,feature,scenario,tags,description,steps_summary,status
Cucumber,src/test/resources/Feature/01_COD_Flow.feature,COD Flow Sample Lifecycle,Process COD order sample through full lab workflow,,Process COD order sample through full lab workflow.,Given I am on the login page | When I enter valid credentials | Then I should be logged in successfully | When I click on the Department button | And I click on the Laboratory button,Implemented
Cucumber,src/test/resources/Feature/TC_01_Login.feature,Place lab orders and pay online,Place a home sample visit for a single  non member and complete online payment  in most popular packages,,Place a home sample visit for a single non member and complete online payment in most popular packages.,Given load the excel data for single non member and home collection | When the user enters otp | And click on the submit button | Then the location should be auto-detected on the dashboard | And find whether the account holder is member or non member,Implemented
Cucumber,src/test/resources/Feature/TC_01_Login.feature,Place lab orders and pay online,Place a home sample visit for a single member and complete online payment  in most popular packages,@singleLabOrderWithoutMembership @completeLoginFlow,Place a home sample visit for a single member and complete online payment in most popular packages.,Given load the excel data for single member and home collection | When the user enters otp | And click on the submit button | Then the location should be auto-detected on the dashboard | And find whether the account holder is member or non member,Implemented
Cucumber,src/test/resources/Feature/TC_01_Login.feature,Place lab orders and pay online,Place a lab visit for a single member and complete online payment  in most popular packages,@singleHomeOrderMembership @completeLoginFlow,Place a lab visit for a single member and complete online payment in most popular packages.,Given load the excel data for single member and lab visit | When the user enters otp | And click on the submit button | Then the location should be auto-detected on the dashboard | And find whether the account holder is member or non member,Implemented
Cucumber,src/test/resources/Feature/TC_01_Login.feature,Place lab orders and pay online,Place a lab visit for a single non member and complete online payment  in most popular packages,@singleHomeOrderWithoutMembership @completeLoginFlow,Place a lab visit for a single non member and complete online payment in most popular packages.,Given load the excel data for single non member and lab visit | When the user enters otp | And click on the submit button | Then the location should be auto-detected on the dashboard | And find whether the account holder is member or non member,Implemented
Cucumber,src/test/resources/Feature/TC_02_EndToFlowWithValidation.feature,Place lab orders and pay online,Place a lab visit for a family member with the profile owner and complete online payment in most popular packages(Member),,Place a lab visit for a family member with the profile owner and complete online payment in most popular packages(Member).,Given load the excel data for multi member and lab visit with memership | When the user enters otp | And click on the submit button | Then the location should be auto-detected on the dashboard | And find whether the account holder is member or non member,Implemented
Cucumber,src/test/resources/Feature/TC_03_AddMember.feature,Place lab orders and pay online,Place a home visit for a family member with a new user and complete online payment in most popular packages(New User),@add_member_multi_home_order_without_membership,Place a home visit for a family member with a new user and complete online payment in most popular packages(New User).,Given load the excel data for multi member and home collection for new user | When create an account with random mobile number | And click on the submit button | Then the location should be auto-detected on the dashboard | And find whether the account holder is member or non member,Implemented
Cucumber,src/test/resources/Feature/TC_03_AddMember.feature,Place lab orders and pay online,Place a home visit for a family member with the profile owner and complete online payment in most popular packages(Member),@add_member_multi_lab_order_without_membership,Place a home visit for a family member with the profile owner and complete online payment in most popular packages(Member).,Given load the excel data for multi member and home collection with memership | When the user enters otp | And click on the submit button | Then the location should be auto-detected on the dashboard | And find whether the account holder is member or non member,Implemented
Cucumber,src/test/resources/Feature/TC_03_AddMember.feature,Place lab orders and pay online,Place a home visit for a family member with the profile owner and complete online payment in most popular packages(without Member),,Place a home visit for a family member with the profile owner and complete online payment in most popular packages(without Member).,Given load the excel data for multi member and home collection without memership | When the user enters otp | And click on the submit button | Then the location should be auto-detected on the dashboard | And find whether the account holder is member or non member,Implemented
Cucumber,src/test/resources/Feature/TC_03_AddMember.feature,Place lab orders and pay online,Place a lab visit for a family member with a new user and complete online payment in most popular packages(New User),@add_member_multi_home_order_new_user,Place a lab visit for a family member with a new user and complete online payment in most popular packages(New User).,Given load the excel data for multi member and lab visit for new user | When create an account with random mobile number | And click on the submit button | Then the location should be auto-detected on the dashboard | And find whether the account holder is member or non member,Implemented
Cucumber,src/test/resources/Feature/TC_03_AddMember.feature,Place lab orders and pay online,Place a lab visit for a family member with the profile owner and complete online payment in most popular packages(Member),@add_member_multi_home_order_membership,Place a lab visit for a family member with the profile owner and complete online payment in most popular packages(Member).,Given load the excel data for multi member and lab visit with memership | When the user enters otp | And click on the submit button | Then the location should be auto-detected on the dashboard | And find whether the account holder is member or non member,Implemented
Cucumber,src/test/resources/Feature/TC_03_AddMember.feature,Place lab orders and pay online,Place a lab visit for a family member with the profile owner and complete online payment in most popular packages(Without Member),@add_member_multi_lab_order_new_user,Place a lab visit for a family member with the profile owner and complete online payment in most popular packages(Without Member).,Given load the excel data for multi member and lab visit without memership | When the user enters otp | And click on the submit button | Then the location should be auto-detected on the dashboard | And find whether the account holder is member or non member,Implemented
Cucumber,src/test/resources/Feature/TC_04_EndToEndScenarios_Member.feature,Place lab orders and pay online for multiple scenarios of members and tests,Complete online paymentWithMembership,@order_view,Complete online paymentWithMembership.,Given load the excel data for multi member and lab visit with memership | When the user enters otp | And click on the submit button | And find whether the account holder is member or non member | And click the Best Seller View All button,Implemented
Cucumber,src/test/resources/Feature/TC_04_EndToEndScenarios_Member.feature,Place lab orders and pay online for multiple scenarios of members and tests,Extract total amount for multi member scenario,@final_amountWithMembership,Extract total amount for multi member scenario.,Given load the excel data for multi member and lab visit with memership | When the user enters otp | And click on the submit button | And find whether the account holder is member or non member | And click the Best Seller View All button,Implemented
Cucumber,src/test/resources/Feature/TC_04_EndToEndScenarios_Member.feature,Place lab orders and pay online for multiple scenarios of members and tests,Identify membership type,@select_testsWithMembership,Identify membership type.,Given load the excel data for multi member and lab visit with memership | When the user enters otp | And click on the submit button | And find whether the account holder is member or non member,Implemented
Cucumber,src/test/resources/Feature/TC_04_EndToEndScenarios_Member.feature,Place lab orders and pay online for multiple scenarios of members and tests,Location Auto-Detect on Dashboard,@membershipWithMembership,Validate that Location Auto-Detect on Dashboard.,Given load the excel data for multi member and lab visit with memership | When the user enters otp | And click on the submit button | Then the location should be auto-detected on the dashboard,Implemented
Cucumber,src/test/resources/Feature/TC_04_EndToEndScenarios_Member.feature,Place lab orders and pay online for multiple scenarios of members and tests,Select tests and capture individual prices,@cartWithMembership,Validate that Select tests and capture individual prices.,Given load the excel data for multi member and lab visit with memership | When the user enters otp | And click on the submit button | And find whether the account holder is member or non member | And click the Best Seller View All button,Implemented
Cucumber,src/test/resources/Feature/TC_04_EndToEndScenarios_Member.feature,Place lab orders and pay online for multiple scenarios of members and tests,Select the member for multi member scenario,@multi_member_totalWithMembership,Validate that Select the member for multi member scenario.,Given load the excel data for multi member and lab visit with memership | When the user enters otp | And click on the submit button | And find whether the account holder is member or non member | And click the Best Seller View All button,Implemented
Cucumber,src/test/resources/Feature/TC_04_EndToEndScenarios_Member.feature,Place lab orders and pay online for multiple scenarios of members and tests,User logs into the application,@location_detectWithMembership,Validate that User logs into the application.,Given load the excel data for multi member and lab visit with memership | When the user enters otp | And click on the submit button,Implemented
Cucumber,src/test/resources/Feature/TC_04_EndToEndScenarios_Member.feature,Place lab orders and pay online for multiple scenarios of members and tests,Validate actual amount with add member page total amount,@payment,Validate actual amount with add member page total amount.,Given load the excel data for multi member and lab visit with memership | When the user enters otp | And click on the submit button | And find whether the account holder is member or non member | And click the Best Seller View All button,Implemented
Cucumber,src/test/resources/Feature/TC_04_EndToEndScenarios_Member.feature,Place lab orders and pay online for multiple scenarios of members and tests,Validate checkout summary header values with individual prices,@multi_memberWithMembership,Validate checkout summary header values with individual prices.,Given load the excel data for multi member and lab visit with memership | When the user enters otp | And click on the submit button | And find whether the account holder is member or non member | And click the Best Seller View All button,Implemented
Cucumber,src/test/resources/Feature/TC_04_EndToEndScenarios_Member.feature,Place lab orders and pay online for multiple scenarios of members and tests,Validating the visit type,@checkout_headerWithMembership,Validate that Validating the visit type.,Given load the excel data for multi member and lab visit with memership | When the user enters otp | And click on the submit button | And find whether the account holder is member or non member | And click the Best Seller View All button,Implemented
Cucumber,src/test/resources/Feature/TC_04_EndToEndScenarios_Member.feature,Place lab orders and pay online for multiple scenarios of members and tests,View the order after paymentWithMembership,,View the order after paymentWithMembership.,Given load the excel data for multi member and lab visit with memership | When the user enters otp | And click on the submit button | And find whether the account holder is member or non member | And click the Best Seller View All button,Implemented
Cucumber,src/test/resources/Feature/TC_05_FamilyAndFriends.feature,Add Family and Friends Member,Add a new family member with all fields including optional fields,@Positive,Add a new family member with all fields including optional fields.,Given the user clicks on Add New Member button | When the user uploads profile photo | And the user selects title from the dropdown | And the user enters first name | And the user enters middle name,Implemented
Cucumber,src/test/resources/Feature/TC_05_FamilyAndFriends.feature,Add Family and Friends Member,Add family members with different relations,@Boundary,Add family members with different relations.,Given the user clicks on Add New Member button | When the user enters first name | And the user enters last name | And the user enters mobile number | And the user selects gender,Implemented
Cucumber,src/test/resources/Feature/TC_05_FamilyAndFriends.feature,Add Family and Friends Member,Add multiple family members with unique names,@Negative,Add multiple family members with unique names.,Given the user clicks on Add New Member button | When the user fills the form with randomly generated unique name | And the user enters all mandatory fields with valid data | And the user clicks on Save button | Then the new member should be added successfully,Implemented
Cucumber,src/test/resources/Feature/TC_05_FamilyAndFriends.feature,Add Family and Friends Member,Attempt to add member with invalid email format,@Positive,Validate that Attempt to add member with invalid email format.,Given the user clicks on Add New Member button | When the user fills all mandatory fields | And the user enters invalid email | And the user clicks on Save button | Then the form should not be submitted,Implemented
Cucumber,src/test/resources/Feature/TC_05_FamilyAndFriends.feature,Add Family and Friends Member,Attempt to add member without mandatory fields,@Negative,Validate that Attempt to add member without mandatory fields.,Given the user clicks on Add New Member button | When the user leaves first name field empty | And the user leaves last name field empty | And the user clicks on Save button | Then the form should not be submitted,Implemented
Cucumber,src/test/resources/Feature/TC_05_FamilyAndFriends.feature,Add Family and Friends Member,Cancel adding a new member,@Positive,Cancel adding a new member.,Given the user clicks on Add New Member button | When the user enters first name | And the user enters last name | And the user clicks on Cancel button | Then the add member form should be closed,Implemented
Cucumber,src/test/resources/Feature/TC_05_FamilyAndFriends.feature,Add Family and Friends Member,Search for added member using search functionality,@Positive,Search for added member using search functionality.,Given the user has multiple members in the family list | When the user enters member name in the search field | Then only matching members should be displayed | And other members should be filtered out,Implemented
Cucumber,src/test/resources/Feature/TC_05_FamilyAndFriends.feature,Add Family and Friends Member,Successfully add a new family member with all mandatory fields,@Positive,Validate that Successfully add a new family member with all mandatory fields.,Given load the excel data for single member and lab visit for a new user | When the user selects title from the dropdown | And the user enters first name | And the user enters last name | And the user selects country code,Implemented
Cucumber,src/test/resources/Feature/TC_05_FamilyAndFriends.feature,Add Family and Friends Member,Validate date of birth field with boundary values,,Validate date of birth field with boundary values.,Given the user clicks on Add New Member button | When the user enters minimum allowed date of birth | Then the date should be accepted | When the user enters maximum allowed date of birth | Then the date should be accepted,Implemented
Cucumber,src/test/resources/Feature/TC_05_FamilyAndFriends.feature,Add Family and Friends Member,Validate mobile number field with invalid data,@Negative,Validate mobile number field with invalid data.,Given the user clicks on Add New Member button | When the user fills all mandatory fields except mobile number | And the user enters invalid mobile number | And the user clicks on Save button | Then the form should not be submitted,Implemented
Cucumber,src/test/resources/Feature/TC_05_FamilyAndFriends.feature,Add Family and Friends Member,Verify added member appears in the member list,@Positive,Verify added member appears in the member list.,Given the user has successfully added a member | When the user views the Family and Friends page | Then the member should be visible in the list | And the member card should display correct name | And the member card should display correct relation,Implemented
Cucumber,src/test/resources/Feature/TC_05_FamilyAndFriends.feature,Add Family and Friends Member,View all family members using See All link,@Positive,View all family members using See All link.,Given the user has more than three members in the family list | When the user clicks on See All link | Then all family members should be displayed | And the complete list should be visible,Implemented
Cucumber,src/test/resources/Feature/TC_06_DNADecoder.feature,Place DNA Decoders  orders and pay online,Place a home sample visit for a single  non member and complete online payment  in most popular packages,@add_member_multi_lab_order_membership,Place a home sample visit for a single non member and complete online payment in most popular packages.,Given load the excel data for single non member and home visit with memership in DNA Decoder | When the user enters otp | And click on the submit button | Then the location should be auto-detected on the dashboard | And find whether the account holder is member or non member,Implemented
Cucumber,src/test/resources/Feature/TC_06_DNADecoder.feature,Place DNA Decoders  orders and pay online,Place a home sample visit for a single member and complete online payment  in most popular packages,@singleLabOrderWithoutMembership @completeLoginFlow,Place a home sample visit for a single member and complete online payment in most popular packages.,Given load the excel data for single member and home visit with memership in DNA Decoder | When the user enters otp | And click on the submit button | Then the location should be auto-detected on the dashboard | And find whether the account holder is member or non member,Implemented
Cucumber,src/test/resources/Feature/TC_06_DNADecoder.feature,Place DNA Decoders  orders and pay online,Place a home visit for a family member with the profile owner and complete online payment in most popular packages(Member),@add_member_multi_lab_order_without_membership,Place a home visit for a family member with the profile owner and complete online payment in most popular packages(Member).,Given load the excel data for multi member and home sample with memership in DNA Decoder | When the user enters otp | And click on the submit button | Then the location should be auto-detected on the dashboard | And find whether the account holder is member or non member,Implemented
Cucumber,src/test/resources/Feature/TC_06_DNADecoder.feature,Place DNA Decoders  orders and pay online,Place a home visit for a family member with the profile owner and complete online payment in most popular packages(without Member),,Place a home visit for a family member with the profile owner and complete online payment in most popular packages(without Member).,Given load the excel data for multi member(Non member) and home visit with memership in DNA Decoder | When the user enters otp | And click on the submit button | Then the location should be auto-detected on the dashboard | And find whether the account holder is member or non member,Implemented
Cucumber,src/test/resources/Feature/TC_06_DNADecoder.feature,Place DNA Decoders  orders and pay online,Place a lab visit for a family member with the profile owner and complete online payment in most popular packages(Member),@add_member_multi_home_order_membership,Place a lab visit for a family member with the profile owner and complete online payment in most popular packages(Member).,Given load the excel data for multi member and lab visit with memership in DNA Decoder | When the user enters otp | And click on the submit button | Then the location should be auto-detected on the dashboard | And find whether the account holder is member or non member,Implemented
Cucumber,src/test/resources/Feature/TC_06_DNADecoder.feature,Place DNA Decoders  orders and pay online,Place a lab visit for a family member with the profile owner and complete online payment in most popular packages(Without Member),@add_member_multi_home_order_without_membership,Place a lab visit for a family member with the profile owner and complete online payment in most popular packages(Without Member).,Given load the excel data for multi member (Non Member)and lab visit with memership in DNA Decoder | When the user enters otp | And click on the submit button | Then the location should be auto-detected on the dashboard | And find whether the account holder is member or non member,Implemented
Cucumber,src/test/resources/Feature/TC_06_DNADecoder.feature,Place DNA Decoders  orders and pay online,Place a lab visit for a single member and complete online payment  in DNA Decoder page,@singleHomeOrderMembership @completeLoginFlow,Place a lab visit for a single member and complete online payment in DNA Decoder page.,Given load the excel data for single member and lab visit with memership in DNA Decoder | When the user enters otp | And click on the submit button | Then the location should be auto-detected on the dashboard | And find whether the account holder is member or non member,Implemented
Cucumber,src/test/resources/Feature/TC_06_DNADecoder.feature,Place DNA Decoders  orders and pay online,Place a lab visit for a single non member and complete online payment  in most popular packages,@singleHomeOrderWithoutMembership @completeLoginFlow,Place a lab visit for a single non member and complete online payment in most popular packages.,Given load the excel data for single non member and lab visit with memership in DNA Decoder | When the user enters otp | And click on the submit button | Then the location should be auto-detected on the dashboard | And find whether the account holder is member or non member,Implemented
Cucumber,src/test/resources/Feature/TC_06_EndToEndScenarios_NonMember.feature,Place lab orders and pay online for multiple scenarios of non member and tests,Complete online payment,@order_viewWithoutMembership,Complete online payment.,Given load the excel data for multi member and lab visit without memership | When the user enters otp | And click on the submit button | And find whether the account holder is member or non member | And verify whether the already selected tests are retained in the cart after login,Implemented
Cucumber,src/test/resources/Feature/TC_06_EndToEndScenarios_NonMember.feature,Place lab orders and pay online for multiple scenarios of non member and tests,Extract total amount for multi member scenario,@final_amountWithoutMembership,Extract total amount for multi member scenario.,Given load the excel data for multi member and lab visit without memership | When the user enters otp | And click on the submit button | And find whether the account holder is member or non member | And verify whether the already selected tests are retained in the cart after login,Implemented
Cucumber,src/test/resources/Feature/TC_06_EndToEndScenarios_NonMember.feature,Place lab orders and pay online for multiple scenarios of non member and tests,Identify membership type,@select_testsWithoutMembership,Identify membership type.,Given load the excel data for multi member and lab visit without memership | When the user enters otp | And click on the submit button | And find whether the account holder is member or non member,Implemented
Cucumber,src/test/resources/Feature/TC_06_EndToEndScenarios_NonMember.feature,Place lab orders and pay online for multiple scenarios of non member and tests,Location Auto-Detect on Dashboard,@membership,Validate that Location Auto-Detect on Dashboard.,Given load the excel data for multi member and lab visit without memership | When the user enters otp | And click on the submit button | Then the location should be auto-detected on the dashboard,Implemented
Cucumber,src/test/resources/Feature/TC_06_EndToEndScenarios_NonMember.feature,Place lab orders and pay online for multiple scenarios of non member and tests,Select tests and capture individual prices,@cartWithoutMembership,Validate that Select tests and capture individual prices.,Given load the excel data for multi member and lab visit without memership | When the user enters otp | And click on the submit button | And find whether the account holder is member or non member | And verify whether the already selected tests are retained in the cart after login,Implemented
Cucumber,src/test/resources/Feature/TC_06_EndToEndScenarios_NonMember.feature,Place lab orders and pay online for multiple scenarios of non member and tests,Select the member for multi member scenario,@multi_member_totalWithoutMembership,Validate that Select the member for multi member scenario.,Given load the excel data for multi member and lab visit without memership | When the user enters otp | And click on the submit button | And find whether the account holder is member or non member | And verify whether the already selected tests are retained in the cart after login,Implemented
Cucumber,src/test/resources/Feature/TC_06_EndToEndScenarios_NonMember.feature,Place lab orders and pay online for multiple scenarios of non member and tests,User logs into the application,@location_detectWithoutMembership,Validate that User logs into the application.,Given load the excel data for multi member and lab visit without memership | When the user enters otp | And click on the submit button,Implemented
Cucumber,src/test/resources/Feature/TC_06_EndToEndScenarios_NonMember.feature,Place lab orders and pay online for multiple scenarios of non member and tests,Validate actual amount with add member page total amount,@paymentWithoutMembership,Validate actual amount with add member page total amount.,Given load the excel data for multi member and lab visit without memership | When the user enters otp | And click on the submit button | And find whether the account holder is member or non member | And verify whether the already selected tests are retained in the cart after login,Implemented
Cucumber,src/test/resources/Feature/TC_06_EndToEndScenarios_NonMember.feature,Place lab orders and pay online for multiple scenarios of non member and tests,Validate checkout summary header values with individual prices,@multi_memberWithoutMembership,Validate checkout summary header values with individual prices.,Given load the excel data for multi member and lab visit without memership | When the user enters otp | And click on the submit button | And find whether the account holder is member or non member | And verify whether the already selected tests are retained in the cart after login,Implemented
Cucumber,src/test/resources/Feature/TC_06_EndToEndScenarios_NonMember.feature,Place lab orders and pay online for multiple scenarios of non member and tests,Validating the visit type,@checkout_headerWithoutMembership,Validate that Validating the visit type.,Given load the excel data for multi member and lab visit without memership | When the user enters otp | And click on the submit button | And find whether the account holder is member or non member | And verify whether the already selected tests are retained in the cart after login,Implemented
Cucumber,src/test/resources/Feature/TC_06_EndToEndScenarios_NonMember.feature,Place lab orders and pay online for multiple scenarios of non member and tests,View the order after payment,,View the order after payment.,Given load the excel data for multi member and lab visit without memership | When the user enters otp | And click on the submit button | And find whether the account holder is member or non member | And verify whether the already selected tests are retained in the cart after login,Implemented
Cucumber,src/test/resources/Feature/TC_07_PayInCash.feature,Place a home sample visit for a single member and pay in cash,Place a home sample visit for a single  non member and complete cash payment  in most popular packages,@payincashNew,Place a home sample visit for a single non member and complete cash payment in most popular packages.,Given load the excel data for single non member and home collection | When the user enters otp | And click on the submit button | Then the location should be auto-detected on the dashboard | And find whether the account holder is member or non member,Implemented
Cucumber,src/test/resources/Feature/TC_07_PayInCash.feature,Place a home sample visit for a single member and pay in cash,Place a home sample visit for a single member and complete cash payment  in most popular packages,@payincashNew,Place a home sample visit for a single member and complete cash payment in most popular packages.,Given load the excel data for single member and home collection | When the user enters otp | And click on the submit button | Then the location should be auto-detected on the dashboard | And find whether the account holder is member or non member,Implemented
Cucumber,src/test/resources/Feature/TC_07_PayInCash.feature,Place a home sample visit for a single member and pay in cash,Place a home visit for a family member with the profile owner and complete cash payment in most popular packages(Member),@payincash,Place a home visit for a family member with the profile owner and complete cash payment in most popular packages(Member).,Given load the excel data for multi member and home collection with memership and with cash payment | When the user enters otp | And click on the submit button | Then the location should be auto-detected on the dashboard | And find whether the account holder is member or non member,Implemented
Cucumber,src/test/resources/Feature/TC_07_PayInCash.feature,Place a home sample visit for a single member and pay in cash,Place a home visit for a family member with the profile owner and complete cash payment in most popular packages(without Member),,Place a home visit for a family member with the profile owner and complete cash payment in most popular packages(without Member).,Given load the excel data for multi member and home collection without memership and with cash payment | When the user enters otp | And click on the submit button | Then the location should be auto-detected on the dashboard | And find whether the account holder is member or non member,Implemented
Cucumber,src/test/resources/Feature/TC_08_Reschedule.feature,Place lab orders for a single member and pay online with reschedule order flow,Place a home sample visit for a single  non member and complete cash payment with reschedule order flow(Non Member),@payincashRescheduleNonMember,Place a home sample visit for a single non member and complete cash payment with reschedule order flow(Non Member).,Given load the excel data for single non member and home collection | When the user enters otp | And click on the submit button | Then the location should be auto-detected on the dashboard | And find whether the account holder is member or non member,Implemented
Cucumber,src/test/resources/Feature/TC_08_Reschedule.feature,Place lab orders for a single member and pay online with reschedule order flow,Place a home sample visit for a single  non member and complete online payment  with reschedule order flow,@payincashRescheduleMember,Place a home sample visit for a single non member and complete online payment with reschedule order flow.,Given load the excel data for single non member and home collection | When the user enters otp | And click on the submit button | Then the location should be auto-detected on the dashboard | And find whether the account holder is member or non member,Implemented
Cucumber,src/test/resources/Feature/TC_08_Reschedule.feature,Place lab orders for a single member and pay online with reschedule order flow,Place a home sample visit for a single member and complete cash payment  with reschedule order flow(Member),@payincashRescheduleMember,Place a home sample visit for a single member and complete cash payment with reschedule order flow(Member).,Given load the excel data for single member and home collection | When the user enters otp | And click on the submit button | Then the location should be auto-detected on the dashboard | And find whether the account holder is member or non member,Implemented
Cucumber,src/test/resources/Feature/TC_08_Reschedule.feature,Place lab orders for a single member and pay online with reschedule order flow,Place a home sample visit for a single member and complete online payment with reschedule order flow(Member),@rescheduleLabOrderNonMember,Place a home sample visit for a single member and complete online payment with reschedule order flow(Member).,Given load the excel data for single member and home collection | When the user enters otp | And click on the submit button | Then the location should be auto-detected on the dashboard | And find whether the account holder is member or non member,Implemented
Cucumber,src/test/resources/Feature/TC_08_Reschedule.feature,Place lab orders for a single member and pay online with reschedule order flow,Place a home visit for a family member with the profile owner and complete cash payment with reschedule order flow(Member),@payincashRescheduleNonMember,Place a home visit for a family member with the profile owner and complete cash payment with reschedule order flow(Member).,Given load the excel data for multi member and home collection with memership and with cash payment | When the user enters otp | And click on the submit button | Then the location should be auto-detected on the dashboard | And find whether the account holder is member or non member,Implemented
Cucumber,src/test/resources/Feature/TC_08_Reschedule.feature,Place lab orders for a single member and pay online with reschedule order flow,Place a home visit for a family member with the profile owner and complete cash payment with reschedule order flow(Non Member),,Place a home visit for a family member with the profile owner and complete cash payment with reschedule order flow(Non Member).,Given load the excel data for multi member and home collection without memership and with cash payment | When the user enters otp | And click on the submit button | Then the location should be auto-detected on the dashboard | And find whether the account holder is member or non member,Implemented
Cucumber,src/test/resources/Feature/TC_08_Reschedule.feature,Place lab orders for a single member and pay online with reschedule order flow,Place a lab visit for a single non member and complete online payment with reschedule order flow,@rescheduleHomeOrderNonMember,Place a lab visit for a single non member and complete online payment with reschedule order flow.,Given load the excel data for single non member and lab visit | When the user enters otp | And click on the submit button | Then the location should be auto-detected on the dashboard | And find whether the account holder is member or non member,Implemented
Cucumber,src/test/resources/Feature/TC_08_Reschedule.feature,Place lab orders for a single member and pay online with reschedule order flow,Place lab orders for a single member and pay online with reschedule order flow(Member),@rescheduleHomeOrder,Place lab orders for a single member and pay online with reschedule order flow(Member).,Given load the excel data for single member and lab visit | When the user enters otp | And click on the submit button | Then the location should be auto-detected on the dashboard | And find whether the account holder is member or non member,Implemented
Cucumber,src/test/resources/Feature/TC_09_CancelOrder.feature,Place lab orders and pay online with cancel order flow(Member),Place a home sample visit for a single  non member and complete online payment  with cancel order flow(Non Member),,Place a home sample visit for a single non member and complete online payment with cancel order flow(Non Member).,Given load the excel data for single non member and home collection | When the user enters otp | And click on the submit button | Then the location should be auto-detected on the dashboard | And find whether the account holder is member or non member,Implemented
Cucumber,src/test/resources/Feature/TC_09_CancelOrder.feature,Place lab orders and pay online with cancel order flow(Member),Place a home sample visit for a single member and complete online payment with cancel order flow,@cancelLabOrderNonMember,Place a home sample visit for a single member and complete online payment with cancel order flow.,Given load the excel data for single member and home collection | When the user enters otp | And click on the submit button | Then the location should be auto-detected on the dashboard | And find whether the account holder is member or non member,Implemented
Cucumber,src/test/resources/Feature/TC_09_CancelOrder.feature,Place lab orders and pay online with cancel order flow(Member),Place a lab visit for a single member and complete online payment  in most popular packages,@cancelHomeOrder,Place a lab visit for a single member and complete online payment in most popular packages.,Given load the excel data for single member and lab visit | When the user enters otp | And click on the submit button | Then the location should be auto-detected on the dashboard | And find whether the account holder is member or non member,Implemented
Cucumber,src/test/resources/Feature/TC_09_CancelOrder.feature,Place lab orders and pay online with cancel order flow(Member),Place a lab visit for a single non member and complete online payment with cancel order flow(Non Member),@rescheduleHomeOrderNonMember,Place a lab visit for a single non member and complete online payment with cancel order flow(Non Member).,Given load the excel data for single non member and lab visit | When the user enters otp | And click on the submit button | Then the location should be auto-detected on the dashboard | And find whether the account holder is member or non member,Implemented
Cucumber,src/test/resources/Feature/TC_10_UserRegistration.feature,New User registration,Place a lab visit for a single member and complete online payment  in most popular packages,@NewUserRegistrationUpdate,Place a lab visit for a single member and complete online payment in most popular packages.,Given load the excel data for single member and lab visit for a new user | When create an account with random mobile number | And click on the submit button | Then the location should be auto-detected on the dashboard | And find whether the account holder is member or non member,Implemented
Cucumber,src/test/resources/Feature/TC_11_PayOnline_HybridFlow.feature,"Place lab orders and complete payment via UI, then verify via getOrderById API",Multi-member (non-member) places a lab visit order with proportional coupon split via UI and verifies via API,@hybridLabOrderMemberReward,Validate that Multi-member (non-member) places a lab visit order with proportional coupon split via UI and verifies via API.,Given load the excel data for multi member and lab visit without memership with coupon | When the user enters otp | And click on the submit button | Then the location should be auto-detected on the dashboard | And find whether the account holder is member or non member,Implemented
Cucumber,src/test/resources/Feature/TC_11_PayOnline_HybridFlow.feature,"Place lab orders and complete payment via UI, then verify via getOrderById API",Multi-member places a lab visit order with proportional coupon split via UI and verifies via API,@hybridMultiMemberNonMemberCoupon,Validate that Multi-member places a lab visit order with proportional coupon split via UI and verifies via API.,Given load the excel data for multi member and lab visit with coupon | When the user enters otp | And click on the submit button | Then the location should be auto-detected on the dashboard | And find whether the account holder is member or non member,Implemented
Cucumber,src/test/resources/Feature/TC_11_PayOnline_HybridFlow.feature,"Place lab orders and complete payment via UI, then verify via getOrderById API",Multi-member places a lab visit order with reward and coupon via UI and verifies via getOrderById API,@hybridMultiMemberReward,Validate that Multi-member places a lab visit order with reward and coupon via UI and verifies via getOrderById API.,Given load the excel data for multi member and lab visit with coupon | When the user enters otp | And click on the submit button | Then the location should be auto-detected on the dashboard | And find whether the account holder is member or non member,Implemented
Cucumber,src/test/resources/Feature/TC_11_PayOnline_HybridFlow.feature,"Place lab orders and complete payment via UI, then verify via getOrderById API",Multi-member places a lab visit order with reward only via UI and verifies via getOrderById API,@hybridLabOrderNonMember,Validate that Multi-member places a lab visit order with reward only via UI and verifies via getOrderById API.,Given load the excel data for multi member and lab visit | When the user enters otp | And click on the submit button | Then the location should be auto-detected on the dashboard | And find whether the account holder is member or non member,Implemented
Cucumber,src/test/resources/Feature/TC_11_PayOnline_HybridFlow.feature,"Place lab orders and complete payment via UI, then verify via getOrderById API",New user places a lab visit order via UI and verifies via getOrderById API,@hybridLabAddMemberNewUser,Validate that New user places a lab visit order via UI and verifies via getOrderById API.,Given load the excel data for new user and lab visit with online payment | When create an account with random mobile number | And click on the submit button | Then the location should be auto-detected on the dashboard | And find whether the account holder is member or non member,Implemented
Cucumber,src/test/resources/Feature/TC_11_PayOnline_HybridFlow.feature,"Place lab orders and complete payment via UI, then verify via getOrderById API",Place a lab visit for a family member with the profile owner and complete online payment in most popular packages(Member),@hybridLabOrderMemberCoupon,Place a lab visit for a family member with the profile owner and complete online payment in most popular packages(Member).,Given load the excel data for multi member and lab visit with memership | When the user enters otp | And click on the submit button | Then the location should be auto-detected on the dashboard | And find whether the account holder is member or non member,Implemented
Cucumber,src/test/resources/Feature/TC_11_PayOnline_HybridFlow.feature,"Place lab orders and complete payment via UI, then verify via getOrderById API",Single member places a lab visit order via UI and verifies via getOrderById API,@hybridLabOrderMemberRewardCoupon,Validate that Single member places a lab visit order via UI and verifies via getOrderById API.,Given load the excel data for single member and lab visit | When the user enters otp | And click on the submit button | Then the location should be auto-detected on the dashboard | And find whether the account holder is member or non member,Implemented
Cucumber,src/test/resources/Feature/TC_11_PayOnline_HybridFlow.feature,"Place lab orders and complete payment via UI, then verify via getOrderById API",Single member places a lab visit order via UI and verifies via getOrderById API with coupon,@hybridLabOrderNonMemberCoupon,Validate that Single member places a lab visit order via UI and verifies via getOrderById API with coupon.,Given load the excel data for single member and lab visit | When the user enters otp | And click on the submit button | Then the location should be auto-detected on the dashboard | And find whether the account holder is member or non member,Implemented
Cucumber,src/test/resources/Feature/TC_11_PayOnline_HybridFlow.feature,"Place lab orders and complete payment via UI, then verify via getOrderById API",Single member places a lab visit order with reward and coupon via UI and verifies via getOrderById API,@hybridMultiMemberRewardCoupon,Validate that Single member places a lab visit order with reward and coupon via UI and verifies via getOrderById API.,Given load the excel data for single member and lab visit with coupon | When the user enters otp | And click on the submit button | Then the location should be auto-detected on the dashboard | And find whether the account holder is member or non member,Implemented
Cucumber,src/test/resources/Feature/TC_11_PayOnline_HybridFlow.feature,"Place lab orders and complete payment via UI, then verify via getOrderById API",Single non-member places a lab visit order via UI and verifies via getOrderById API,@hybridLabOrderNewUser,Validate that Single non-member places a lab visit order via UI and verifies via getOrderById API.,Given load the excel data for single non member and lab visit | When the user enters otp | And click on the submit button | Then the location should be auto-detected on the dashboard | And find whether the account holder is member or non member,Implemented
Cucumber,src/test/resources/Feature/TC_11_PayOnline_HybridFlow.feature,"Place lab orders and complete payment via UI, then verify via getOrderById API",Single non-member places a lab visit order via UI with coupon and verifies via getOrderById API,@hybridMultiMemberCoupon,Validate that Single non-member places a lab visit order via UI with coupon and verifies via getOrderById API.,Given load the excel data for single non member and lab visit with coupon | When the user enters otp | And click on the submit button | Then the location should be auto-detected on the dashboard | And find whether the account holder is member or non member,Implemented
Cucumber,src/test/resources/Feature/TC_12_AddAddress.feature,User Address Management in Profile Page,Place a lab visit for a single member and complete online payment in most popular packages,,Place a lab visit for a single member and complete online payment in most popular packages.,Given load the excel data for single member and lab visit for a new user | When create an account with random mobile number | And click on the submit button | Then the location should be auto-detected on the dashboard | And find whether the account holder is member or non member,Implemented
Cucumber,src/test/resources/Feature/TC_13_GlobalSearch.feature,Place lab orders and pay online from global search,Place a home sample visit for a single  non member and complete online payment  in most popular packages,@add_member_multi_lab_order_membershipp,Place a home sample visit for a single non member and complete online payment in most popular packages.,Given load the excel data for single non member and home collection | When the user enters otp | And click on the submit button | And find whether the account holder is member or non member | And verify whether the already selected tests are retained in the cart after login,Implemented
Cucumber,src/test/resources/Feature/TC_13_GlobalSearch.feature,Place lab orders and pay online from global search,Place a home sample visit for a single member and complete online payment  in most popular packages,@singleLabOrderWithoutMembershipp @completeLoginFlow,Place a home sample visit for a single member and complete online payment in most popular packages.,Given load the excel data for single member and home collection | When the user enters otp | And click on the submit button | And find whether the account holder is member or non member | And verify whether the already selected tests are retained in the cart after login,Implemented
Cucumber,src/test/resources/Feature/TC_13_GlobalSearch.feature,Place lab orders and pay online from global search,Place a home visit for a family member with the profile owner and complete online payment in most popular packages(Member),@add_member_multi_lab_order_without_membershipp,Place a home visit for a family member with the profile owner and complete online payment in most popular packages(Member).,Given load the excel data for multi member and home collection with memership | When the user enters otp | And click on the submit button | And find whether the account holder is member or non member | And verify whether the already selected tests are retained in the cart after login,Implemented
Cucumber,src/test/resources/Feature/TC_13_GlobalSearch.feature,Place lab orders and pay online from global search,Place a home visit for a family member with the profile owner and complete online payment in most popular packages(without Member),,Place a home visit for a family member with the profile owner and complete online payment in most popular packages(without Member).,Given load the excel data for multi member and home collection without memership | When the user enters otp | And click on the submit button | Then the location should be auto-detected on the dashboard | And find whether the account holder is member or non member,Implemented
Cucumber,src/test/resources/Feature/TC_13_GlobalSearch.feature,Place lab orders and pay online from global search,Place a lab visit for a family member with the profile owner and complete online payment in most popular packages(Member),@add_member_multi_home_order_membershipp,Place a lab visit for a family member with the profile owner and complete online payment in most popular packages(Member).,Given load the excel data for multi member and lab visit with memership | When the user enters otp | And click on the submit button | And find whether the account holder is member or non member | And verify whether the already selected tests are retained in the cart after login,Implemented
Cucumber,src/test/resources/Feature/TC_13_GlobalSearch.feature,Place lab orders and pay online from global search,Place a lab visit for a family member with the profile owner and complete online payment in most popular packages(Without Member),@add_member_multi_home_order_without_membershipp,Place a lab visit for a family member with the profile owner and complete online payment in most popular packages(Without Member).,Given load the excel data for multi member and lab visit without memership | When the user enters otp | And click on the submit button | Then the location should be auto-detected on the dashboard | And find whether the account holder is member or non member,Implemented
Cucumber,src/test/resources/Feature/TC_13_GlobalSearch.feature,Place lab orders and pay online from global search,Place a lab visit for a single member and complete online payment  in most popular packages,@singleHomeOrderMembershipp @completeLoginFlow,Place a lab visit for a single member and complete online payment in most popular packages.,Given load the excel data for single member and lab visit | When the user enters otp | And click on the submit button | And find whether the account holder is member or non member | And verify whether the already selected tests are retained in the cart after login,Implemented
Cucumber,src/test/resources/Feature/TC_13_GlobalSearch.feature,Place lab orders and pay online from global search,Place a lab visit for a single non member and complete online payment  in most popular packages,@singleHomeOrderWithoutMembership @completeLoginFlow,Place a lab visit for a single non member and complete online payment in most popular packages.,Given load the excel data for single non member and lab visit | When the user enters otp | And click on the submit button | And find whether the account holder is member or non member | And verify whether the already selected tests are retained in the cart after login,Implemented
Cucumber,src/test/resources/Feature/TC_14_SmartChoices.feature,Place lab orders and pay online in smart choice filter for single and multiple members for member and non member scenarios,Place a home visit for a family member with the profile owner and complete online payment in most popular packages(Member),@add_member_multi_lab_order_without_membership,Place a home visit for a family member with the profile owner and complete online payment in most popular packages(Member).,Given load the excel data for multi member and home collection with memership | When the user enters otp | And click on the submit button | Then the location should be auto-detected on the dashboard | And find whether the account holder is member or non member,Implemented
Cucumber,src/test/resources/Feature/TC_14_SmartChoices.feature,Place lab orders and pay online in smart choice filter for single and multiple members for member and non member scenarios,Place a home visit for a family member with the profile owner and complete online payment in most popular packages(without Member),,Place a home visit for a family member with the profile owner and complete online payment in most popular packages(without Member).,Given load the excel data for multi member and home collection without memership | When the user enters otp | And click on the submit button | Then the location should be auto-detected on the dashboard | And find whether the account holder is member or non member,Implemented
Cucumber,src/test/resources/Feature/TC_14_SmartChoices.feature,Place lab orders and pay online in smart choice filter for single and multiple members for member and non member scenarios,Place a lab visit for a family member with the profile owner and complete online payment in most popular packages(Member),@add_member_multi_lab_order_membership,Place a lab visit for a family member with the profile owner and complete online payment in most popular packages(Member).,Given load the excel data for multi member and lab visit with memership | When the user enters otp | And click on the submit button | Then the location should be auto-detected on the dashboard | And find whether the account holder is member or non member,Implemented
Cucumber,src/test/resources/Feature/TC_14_SmartChoices.feature,Place lab orders and pay online in smart choice filter for single and multiple members for member and non member scenarios,Place a lab visit for a family member with the profile owner and complete online payment in most popular packages(Without Member),@add_member_multi_home_order_without_membership,Place a lab visit for a family member with the profile owner and complete online payment in most popular packages(Without Member).,Given load the excel data for multi member and lab visit without memership | When the user enters otp | And click on the submit button | Then the location should be auto-detected on the dashboard | And find whether the account holder is member or non member,Implemented
Cucumber,src/test/resources/Feature/TC_15_DNADecoderPanelsAtGlance.feature,Booking a DNA decoder Lab visit test with membership,(unnamed scenario),,Validate that (unnamed scenario).,Given load the excel data for single member and lab visit with memership in DNA Decoder | When the user enters otp | And click on the submit button | Then the location should be auto-detected on the dashboard | And find whether the account holder is member or non member,Implemented
JavaTest,src/test/java/com/mryoda/diagnostics/api/base/BaseTest.java,for,for,,Validate that For.,,Implemented
JavaTest,src/test/java/com/mryoda/diagnostics/api/tests/address/AddressAPITest.java,AddressAPITest,testAddAddress_ForMember,,Validate that Add Address For Member.,,Implemented
JavaTest,src/test/java/com/mryoda/diagnostics/api/tests/address/AddressAPITest.java,AddressAPITest,testAddAddress_ForNewUser,,Validate that Add Address For New User.,,Implemented
JavaTest,src/test/java/com/mryoda/diagnostics/api/tests/address/AddressAPITest.java,AddressAPITest,testAddAddress_ForNonMember,,Validate that Add Address For Non Member.,,Implemented
JavaTest,src/test/java/com/mryoda/diagnostics/api/tests/address/GetAddressByUserIdAPITest.java,GetAddressByUserIdAPITest,testGetAddressByUserId_ForMember,,Validate that Get Address By User Id For Member.,,Implemented
JavaTest,src/test/java/com/mryoda/diagnostics/api/tests/address/GetAddressByUserIdAPITest.java,GetAddressByUserIdAPITest,testGetAddressByUserId_ForNewUser,,Validate that Get Address By User Id For New User.,,Implemented
JavaTest,src/test/java/com/mryoda/diagnostics/api/tests/address/GetAddressByUserIdAPITest.java,GetAddressByUserIdAPITest,testGetAddressByUserId_ForNonMember,,Validate that Get Address By User Id For Non Member.,,Implemented
JavaTest,src/test/java/com/mryoda/diagnostics/api/tests/auth/COD_01_LoginTest.java,COD_01_LoginTest,step01_LoginAndSetup,,Validate that Step01 Login And Setup.,,Implemented
JavaTest,src/test/java/com/mryoda/diagnostics/api/tests/auth/COD_06_PhlebotomistLoginTest.java,COD_06_PhlebotomistLoginTest,step06_PhlebotomistLogin,,Validate that Step06 Phlebotomist Login.,,Implemented
JavaTest,src/test/java/com/mryoda/diagnostics/api/tests/auth/LoginAPITest.java,LoginAPITest,testLoginWithOTP,,Validate that Login With OTP.,,Implemented
JavaTest,src/test/java/com/mryoda/diagnostics/api/tests/auth/LoginAPITest.java,LoginAPITest,testLoginWithOTP_NewlyRegisteredUser,,Validate that Login With OTP Newly Registered User.,,Implemented
JavaTest,src/test/java/com/mryoda/diagnostics/api/tests/auth/LoginAPITest.java,LoginAPITest,testLoginWithOTP_NonMember,,Validate that Login With OTP Non Member.,,Implemented
JavaTest,src/test/java/com/mryoda/diagnostics/api/tests/auth/Section1_AuthenticationTest.java,Section1_AuthenticationTest,AUTH_01_MemberLogin,,Validate that AUTH 01 Member Login.,,Implemented
JavaTest,src/test/java/com/mryoda/diagnostics/api/tests/auth/Section1_AuthenticationTest.java,Section1_AuthenticationTest,AUTH_02_NonMemberLogin,,Validate that AUTH 02 Non Member Login.,,Implemented
JavaTest,src/test/java/com/mryoda/diagnostics/api/tests/auth/Section1_AuthenticationTest.java,Section1_AuthenticationTest,AUTH_03_NewUserRegistrationAndLogin,,Validate that AUTH 03 New User Registration And Login.,,Implemented
JavaTest,src/test/java/com/mryoda/diagnostics/api/tests/auth/Section1_AuthenticationTest.java,Section1_AuthenticationTest,AUTH_04_InvalidOtpRejected,,Validate that AUTH 04 Invalid Otp Rejected.,,Implemented
JavaTest,src/test/java/com/mryoda/diagnostics/api/tests/auth/Section1_AuthenticationTest.java,Section1_AuthenticationTest,AUTH_06_PhlebotomistLogin,,Validate that AUTH 06 Phlebotomist Login.,,Implemented
JavaTest,src/test/java/com/mryoda/diagnostics/api/tests/auth/Section1_AuthenticationTest.java,Section1_AuthenticationTest,AUTH_07_MissingMobileRejected,,Validate that AUTH 07 Missing Mobile Rejected.,,Implemented
JavaTest,src/test/java/com/mryoda/diagnostics/api/tests/auth/Section1_AuthenticationTest.java,Section1_AuthenticationTest,AUTH_08_EmptyOtpRejected,,Validate that AUTH 08 Empty Otp Rejected.,,Implemented
JavaTest,src/test/java/com/mryoda/diagnostics/api/tests/auth/Section1_AuthenticationTest.java,Section1_AuthenticationTest,AUTH_09_ValidTokenAllowsAccess,,Validate that AUTH 09 Valid Token Allows Access.,,Implemented
JavaTest,src/test/java/com/mryoda/diagnostics/api/tests/auth/Section1_AuthenticationTest.java,Section1_AuthenticationTest,AUTH_10_InvalidTokenBlocksAccess,,Validate that AUTH 10 Invalid Token Blocks Access.,,Implemented
JavaTest,src/test/java/com/mryoda/diagnostics/api/tests/auth/UserCreateAPITest.java,UserCreateAPITest,testUserRegistration_CreateNewUser,,Validate that User Registration Create New User.,,Implemented
JavaTest,src/test/java/com/mryoda/diagnostics/api/tests/cart/AddToCartAPITest.java,AddToCartAPITest,testAddToCart_ForMember,,Validate that Add To Cart For Member.,,Implemented
JavaTest,src/test/java/com/mryoda/diagnostics/api/tests/cart/AddToCartAPITest.java,AddToCartAPITest,testAddToCart_ForNewUser,,Validate that Add To Cart For New User.,,Implemented
JavaTest,src/test/java/com/mryoda/diagnostics/api/tests/cart/AddToCartAPITest.java,AddToCartAPITest,testAddToCart_ForNonMember,,Validate that Add To Cart For Non Member.,,Implemented
JavaTest,src/test/java/com/mryoda/diagnostics/api/tests/cart/AddToCartAPITest.java,AddToCartAPITest,testAddToCart_WithRewardsUsed,,Validate that Add To Cart With Rewards Used.,,Implemented
JavaTest,src/test/java/com/mryoda/diagnostics/api/tests/cart/COD_02_GetCartTest.java,COD_02_GetCartTest,step02_VerifyCartAndPrice,,Validate that Step02 Verify Cart And Price.,,Implemented
JavaTest,src/test/java/com/mryoda/diagnostics/api/tests/cart/GetCartByIdAPITest.java,GetCartByIdAPITest,testGetCartById_ForMember,,Validate that Get Cart By Id For Member.,,Implemented
JavaTest,src/test/java/com/mryoda/diagnostics/api/tests/cart/GetCartByIdAPITest.java,GetCartByIdAPITest,testGetCartById_ForNewUser,,Validate that Get Cart By Id For New User.,,Implemented
JavaTest,src/test/java/com/mryoda/diagnostics/api/tests/cart/GetCartByIdAPITest.java,GetCartByIdAPITest,testGetCartById_ForNonMember,,Validate that Get Cart By Id For Non Member.,,Implemented
JavaTest,src/test/java/com/mryoda/diagnostics/api/tests/cart/Section5_CartOperationsTest.java,Section5_CartOperationsTest,CRT_01_AddToCart_HomeCollection,,Validate that CRT 01 Add To Cart Home Collection.,,Implemented
JavaTest,src/test/java/com/mryoda/diagnostics/api/tests/cart/Section5_CartOperationsTest.java,Section5_CartOperationsTest,CRT_02_AddToCart_LabVisit,,Validate that CRT 02 Add To Cart Lab Visit.,,Implemented
JavaTest,src/test/java/com/mryoda/diagnostics/api/tests/cart/Section5_CartOperationsTest.java,Section5_CartOperationsTest,CRT_03_GetCart_VerifyCouponMath,,Validate that CRT 03 Get Cart Verify Coupon Math.,,Implemented
JavaTest,src/test/java/com/mryoda/diagnostics/api/tests/cart/Section5_CartOperationsTest.java,Section5_CartOperationsTest,CRT_04_GetCart_EmptyCart,,Validate that CRT 04 Get Cart Empty Cart.,,Implemented
JavaTest,src/test/java/com/mryoda/diagnostics/api/tests/cart/Section5_CartOperationsTest.java,Section5_CartOperationsTest,CRT_05_AddToCart_DiscountCap,,Validate that CRT 05 Add To Cart Discount Cap.,,Implemented
JavaTest,src/test/java/com/mryoda/diagnostics/api/tests/cart/Section5_CartOperationsTest.java,Section5_CartOperationsTest,CRT_06_CartUpdatedAfterSlotBooking,,Validate that CRT 06 Cart Updated After Slot Booking.,,Implemented
JavaTest,src/test/java/com/mryoda/diagnostics/api/tests/coupons/CouponComprehensiveTest.java,CouponComprehensiveTest,TC_CPN_003_ExpiredCouponsNotListed,,Validate that TC CPN 003 Expired Coupons Not Listed.,,Implemented
JavaTest,src/test/java/com/mryoda/diagnostics/api/tests/coupons/CouponComprehensiveTest.java,CouponComprehensiveTest,TC_CPN_004_FutureCouponsNotListed,,Validate that TC CPN 004 Future Coupons Not Listed.,,Implemented
JavaTest,src/test/java/com/mryoda/diagnostics/api/tests/coupons/CouponComprehensiveTest.java,CouponComprehensiveTest,TC_CPN_005_ActiveCouponShouldBeValid,,Validate that TC CPN 005 Active Coupon Should Be Valid.,,Implemented
JavaTest,src/test/java/com/mryoda/diagnostics/api/tests/coupons/CouponComprehensiveTest.java,CouponComprehensiveTest,TC_CPN_006_ExpiredCouponRejected,,Validate that TC CPN 006 Expired Coupon Rejected.,,Implemented
JavaTest,src/test/java/com/mryoda/diagnostics/api/tests/coupons/CouponComprehensiveTest.java,CouponComprehensiveTest,TC_CPN_007_InactiveCouponRejected,,Validate that TC CPN 007 Inactive Coupon Rejected.,,Implemented
JavaTest,src/test/java/com/mryoda/diagnostics/api/tests/coupons/CouponComprehensiveTest.java,CouponComprehensiveTest,TC_CPN_008_InvalidCouponRejected,,Validate that TC CPN 008 Invalid Coupon Rejected.,,Implemented
JavaTest,src/test/java/com/mryoda/diagnostics/api/tests/coupons/CouponComprehensiveTest.java,CouponComprehensiveTest,TC_CPN_009_OrderGteMin,,Validate that TC CPN 009 Order Gte Min.,,Implemented
JavaTest,src/test/java/com/mryoda/diagnostics/api/tests/coupons/CouponComprehensiveTest.java,CouponComprehensiveTest,TC_CPN_010_OrderLtMin,,Validate that TC CPN 010 Order Lt Min.,,Implemented
JavaTest,src/test/java/com/mryoda/diagnostics/api/tests/coupons/CouponComprehensiveTest.java,CouponComprehensiveTest,TC_CPN_011_ExactMinBoundary,,Validate that TC CPN 011 Exact Min Boundary.,,Implemented
JavaTest,src/test/java/com/mryoda/diagnostics/api/tests/coupons/CouponComprehensiveTest.java,CouponComprehensiveTest,TC_CPN_012_ApplyValidCouponSuccessfully,,Validate that TC CPN 012 Apply Valid Coupon Successfully.,,Implemented
JavaTest,src/test/java/com/mryoda/diagnostics/api/tests/coupons/CouponComprehensiveTest.java,CouponComprehensiveTest,TC_CPN_013_ApplyExpiredCoupon,,Validate that TC CPN 013 Apply Expired Coupon.,,Implemented
JavaTest,src/test/java/com/mryoda/diagnostics/api/tests/coupons/CouponComprehensiveTest.java,CouponComprehensiveTest,TC_CPN_014_PrimeCouponByNonPrimeUserRejected,,Validate that TC CPN 014 Prime Coupon By Non Prime User Rejected.,,Implemented
JavaTest,src/test/java/com/mryoda/diagnostics/api/tests/coupons/CouponComprehensiveTest.java,CouponComprehensiveTest,TC_CPN_015_NonPrimeCouponByPrimeUserRejected,,Validate that TC CPN 015 Non Prime Coupon By Prime User Rejected.,,Implemented
JavaTest,src/test/java/com/mryoda/diagnostics/api/tests/coupons/CouponComprehensiveTest.java,CouponComprehensiveTest,TC_CPN_016_PreventDuplicateCouponApplication,,Validate that TC CPN 016 Prevent Duplicate Coupon Application.,,Implemented
JavaTest,src/test/java/com/mryoda/diagnostics/api/tests/coupons/CouponComprehensiveTest.java,CouponComprehensiveTest,TC_CPN_017_ValidateRemainingPayableAfterCoupon,,Validate that TC CPN 017 Validate Remaining Payable After Coupon.,,Implemented
JavaTest,src/test/java/com/mryoda/diagnostics/api/tests/coupons/CouponComprehensiveTest.java,CouponComprehensiveTest,TC_CPN_018_ValidateCouponAndAdminCashSplit,,Validate that TC CPN 018 Validate Coupon And Admin Cash Split.,,Implemented
JavaTest,src/test/java/com/mryoda/diagnostics/api/tests/coupons/CouponComprehensiveTest.java,CouponComprehensiveTest,TC_CPN_019_CouponPersistsInCart,,Validate that TC CPN 019 Coupon Persists In Cart.,,Implemented
JavaTest,src/test/java/com/mryoda/diagnostics/api/tests/coupons/CouponComprehensiveTest.java,CouponComprehensiveTest,TC_CPN_020_RemoveCouponFromCart,,Validate that TC CPN 020 Remove Coupon From Cart.,,Implemented
JavaTest,src/test/java/com/mryoda/diagnostics/api/tests/coupons/CouponComprehensiveTest.java,CouponComprehensiveTest,TC_CPN_021_VerifyTotalPriceSubtraction,,Validate that TC CPN 021 Verify Total Price Subtraction.,,Implemented
JavaTest,src/test/java/com/mryoda/diagnostics/api/tests/coupons/CouponComprehensiveTest.java,CouponComprehensiveTest,TC_CPN_022_CouponExpiresBeforeOrderPlacement,,Validate that TC CPN 022 Coupon Expires Before Order Placement.,,Implemented
JavaTest,src/test/java/com/mryoda/diagnostics/api/tests/coupons/CouponComprehensiveTest.java,CouponComprehensiveTest,TC_CPN_023_RedeemWithinAllowedLimit,,Validate that TC CPN 023 Redeem Within Allowed Limit.,,Implemented
JavaTest,src/test/java/com/mryoda/diagnostics/api/tests/coupons/CouponComprehensiveTest.java,CouponComprehensiveTest,TC_CPN_024_ExceedMaxCouponLimit,,Validate that TC CPN 024 Exceed Max Coupon Limit.,,Implemented
JavaTest,src/test/java/com/mryoda/diagnostics/api/tests/coupons/CouponComprehensiveTest.java,CouponComprehensiveTest,TC_CPN_025_ApplyCouponForMultipleFamilyMembers,,Validate that TC CPN 025 Apply Coupon For Multiple Family Members.,,Implemented
JavaTest,src/test/java/com/mryoda/diagnostics/api/tests/coupons/CouponComprehensiveTest.java,CouponComprehensiveTest,TC_CPN_026_MembershipCapPerMemberRespected,,Validate that TC CPN 026 Membership Cap Per Member Respected.,,Implemented
JavaTest,src/test/java/com/mryoda/diagnostics/api/tests/coupons/CouponComprehensiveTest.java,CouponComprehensiveTest,TC_CPN_027_CouponValueEqualsOrderTotal,,Validate that TC CPN 027 Coupon Value Equals Order Total.,,Implemented
JavaTest,src/test/java/com/mryoda/diagnostics/api/tests/coupons/CouponComprehensiveTest.java,CouponComprehensiveTest,TC_CPN_028_CouponValueGreaterThanOrderTotal,,Validate that TC CPN 028 Coupon Value Greater Than Order Total.,,Implemented
JavaTest,src/test/java/com/mryoda/diagnostics/api/tests/coupons/CouponComprehensiveTest.java,CouponComprehensiveTest,TC_CPN_029_OneBelowMinRejected,,Validate that TC CPN 029 One Below Min Rejected.,,Implemented
JavaTest,src/test/java/com/mryoda/diagnostics/api/tests/coupons/CouponComprehensiveTest.java,CouponComprehensiveTest,TC_CPN_030_LastRedemptionAllowed,,Validate that TC CPN 030 Last Redemption Allowed.,,Implemented
JavaTest,src/test/java/com/mryoda/diagnostics/api/tests/coupons/CouponComprehensiveTest.java,CouponComprehensiveTest,TC_CPN_031_RedemptionAfterMaxRejected,,Validate that TC CPN 031 Redemption After Max Rejected.,,Implemented
JavaTest,src/test/java/com/mryoda/diagnostics/api/tests/coupons/CouponComprehensiveTest.java,CouponComprehensiveTest,TC_CPN_032_UnauthorizedCouponAttemptRejected,,Validate that TC CPN 032 Unauthorized Coupon Attempt Rejected.,,Implemented
JavaTest,src/test/java/com/mryoda/diagnostics/api/tests/coupons/CouponComprehensiveTest.java,CouponComprehensiveTest,TC_CPN_033_ManipulatedDiscountIgnored,,Validate that TC CPN 033 Manipulated Discount Ignored.,,Implemented
JavaTest,src/test/java/com/mryoda/diagnostics/api/tests/coupons/CouponComprehensiveTest.java,CouponComprehensiveTest,TC_CPN_034_MissingAuthTokenUnauthorized,,Validate that TC CPN 034 Missing Auth Token Unauthorized.,,Implemented
JavaTest,src/test/java/com/mryoda/diagnostics/api/tests/coupons/CouponMultiMemberTest.java,CouponMultiMemberTest,step01_DiscoverCoupon,,Validate that Step01 Discover Coupon.,,Implemented
JavaTest,src/test/java/com/mryoda/diagnostics/api/tests/coupons/CouponMultiMemberTest.java,CouponMultiMemberTest,step02_ApplyCouponToMultiMemberCart,,Validate that Step02 Apply Coupon To Multi Member Cart.,,Implemented
JavaTest,src/test/java/com/mryoda/diagnostics/api/tests/coupons/CouponValidationTest.java,CouponValidationTest,testGetAllCoupons_EmptyUserType,,Validate that Get All Coupons Empty User Type.,,Implemented
JavaTest,src/test/java/com/mryoda/diagnostics/api/tests/coupons/CouponValidationTest.java,CouponValidationTest,testGetAllCoupons_InvalidUserType,,Validate that Get All Coupons Invalid User Type.,,Implemented
JavaTest,src/test/java/com/mryoda/diagnostics/api/tests/coupons/CouponValidationTest.java,CouponValidationTest,testGetAllCoupons_NonPrime,,Validate that Get All Coupons Non Prime.,,Implemented
JavaTest,src/test/java/com/mryoda/diagnostics/api/tests/coupons/CouponValidationTest.java,CouponValidationTest,testGetAllCoupons_Prime,,Validate that Get All Coupons Prime.,,Implemented
JavaTest,src/test/java/com/mryoda/diagnostics/api/tests/coupons/DetailedCouponAdminApprovalTest.java,DetailedCouponAdminApprovalTest,step01_DiscoverCoupon,,Validate that Step01 Discover Coupon.,,Implemented
JavaTest,src/test/java/com/mryoda/diagnostics/api/tests/coupons/DetailedCouponAdminApprovalTest.java,DetailedCouponAdminApprovalTest,step02_AddToCartWithCoupon,,Validate that Step02 Add To Cart With Coupon.,,Implemented
JavaTest,src/test/java/com/mryoda/diagnostics/api/tests/coupons/DetailedCouponAdminApprovalTest.java,DetailedCouponAdminApprovalTest,step03_AddressAndSlot,,Validate that Step03 Address And Slot.,,Implemented
JavaTest,src/test/java/com/mryoda/diagnostics/api/tests/coupons/DetailedCouponAdminApprovalTest.java,DetailedCouponAdminApprovalTest,step04_VerifyPaymentAndCreateOrder,,Validate that Step04 Verify Payment And Create Order.,,Implemented
JavaTest,src/test/java/com/mryoda/diagnostics/api/tests/coupons/DetailedCouponAdminApprovalTest.java,DetailedCouponAdminApprovalTest,step05_AdminCheck,,Validate that Step05 Admin Check.,,Implemented
JavaTest,src/test/java/com/mryoda/diagnostics/api/tests/coupons/DetailedCouponAdminApprovalTest.java,DetailedCouponAdminApprovalTest,step06_AdminApproval,,Validate that Step06 Admin Approval.,,Implemented
JavaTest,src/test/java/com/mryoda/diagnostics/api/tests/coupons/MemberCouponAdminFlowTest.java,MemberCouponAdminFlowTest,step01_MemberLogin,,Validate that Step01 Member Login.,,Implemented
JavaTest,src/test/java/com/mryoda/diagnostics/api/tests/coupons/MemberCouponAdminFlowTest.java,MemberCouponAdminFlowTest,step02_SetupLocationAndBrand,,Validate that Step02 Setup Location And Brand.,,Implemented
JavaTest,src/test/java/com/mryoda/diagnostics/api/tests/coupons/MemberCouponAdminFlowTest.java,MemberCouponAdminFlowTest,step03_GlobalSearch,,Validate that Step03 Global Search.,,Implemented
JavaTest,src/test/java/com/mryoda/diagnostics/api/tests/coupons/MemberCouponAdminFlowTest.java,MemberCouponAdminFlowTest,step04_DiscoverCoupon,,Validate that Step04 Discover Coupon.,,Implemented
JavaTest,src/test/java/com/mryoda/diagnostics/api/tests/coupons/MemberCouponAdminFlowTest.java,MemberCouponAdminFlowTest,step05_AddToCartWithCoupon,,Validate that Step05 Add To Cart With Coupon.,,Implemented
JavaTest,src/test/java/com/mryoda/diagnostics/api/tests/coupons/MemberCouponAdminFlowTest.java,MemberCouponAdminFlowTest,step06_VerifyCart,,Validate that Step06 Verify Cart.,,Implemented
JavaTest,src/test/java/com/mryoda/diagnostics/api/tests/coupons/MemberCouponAdminFlowTest.java,MemberCouponAdminFlowTest,step07_AddAddressAndSlot,,Validate that Step07 Add Address And Slot.,,Implemented
JavaTest,src/test/java/com/mryoda/diagnostics/api/tests/coupons/MemberCouponAdminFlowTest.java,MemberCouponAdminFlowTest,step08_ConfirmOrder,,Validate that Step08 Confirm Order.,,Implemented
JavaTest,src/test/java/com/mryoda/diagnostics/api/tests/coupons/MemberCouponAdminFlowTest.java,MemberCouponAdminFlowTest,step09_AdminLoginAndCheck,,Validate that Step09 Admin Login And Check.,,Implemented
JavaTest,src/test/java/com/mryoda/diagnostics/api/tests/coupons/MemberCouponAdminFlowTest.java,MemberCouponAdminFlowTest,step10_AdminApprovePayment,,Validate that Step10 Admin Approve Payment.,,Implemented
JavaTest,src/test/java/com/mryoda/diagnostics/api/tests/family/AddFamilyMemberTest.java,AddFamilyMemberTest,test_AddFamilyMember_InvalidAuthToken,,Validate that Add Family Member Invalid Auth Token.,,Implemented
JavaTest,src/test/java/com/mryoda/diagnostics/api/tests/family/AddFamilyMemberTest.java,AddFamilyMemberTest,test_AddFamilyMember_InvalidDateFormat,,Validate that Add Family Member Invalid Date Format.,,Implemented
JavaTest,src/test/java/com/mryoda/diagnostics/api/tests/family/AddFamilyMemberTest.java,AddFamilyMemberTest,test_AddFamilyMember_InvalidGender,,Validate that Add Family Member Invalid Gender.,,Implemented
JavaTest,src/test/java/com/mryoda/diagnostics/api/tests/family/AddFamilyMemberTest.java,AddFamilyMemberTest,test_AddFamilyMember_InvalidMobileFormat_TooShort,,Validate that Add Family Member Invalid Mobile Format Too Short.,,Implemented
JavaTest,src/test/java/com/mryoda/diagnostics/api/tests/family/AddFamilyMemberTest.java,AddFamilyMemberTest,test_AddFamilyMember_MissingAllRequiredFields,,Validate that Add Family Member Missing All Required Fields.,,Implemented
JavaTest,src/test/java/com/mryoda/diagnostics/api/tests/family/AddFamilyMemberTest.java,AddFamilyMemberTest,test_AddFamilyMember_MissingFirstName,,Validate that Add Family Member Missing First Name.,,Implemented
JavaTest,src/test/java/com/mryoda/diagnostics/api/tests/family/AddFamilyMemberTest.java,AddFamilyMemberTest,test_AddFamilyMember_MissingLastName,,Validate that Add Family Member Missing Last Name.,,Implemented
JavaTest,src/test/java/com/mryoda/diagnostics/api/tests/family/AddFamilyMemberTest.java,AddFamilyMemberTest,test_AddFamilyMember_MissingUserId,,Validate that Add Family Member Missing User Id.,,Implemented
JavaTest,src/test/java/com/mryoda/diagnostics/api/tests/family/AddFamilyMemberTest.java,AddFamilyMemberTest,test_AddFamilyMember_NoAuthToken,,Validate that Add Family Member No Auth Token.,,Implemented
JavaTest,src/test/java/com/mryoda/diagnostics/api/tests/family/AddFamilyMemberTest.java,AddFamilyMemberTest,test_AddFamilyMember_ValidData_AllFieldsValidated,,Validate that Add Family Member Valid Data All Fields Validated.,,Implemented
JavaTest,src/test/java/com/mryoda/diagnostics/api/tests/family/DeleteFamilyMemberTest.java,DeleteFamilyMemberTest,test_DeleteFamilyMember_AlreadyDeleted,,Validate that Delete Family Member Already Deleted.,,Implemented
JavaTest,src/test/java/com/mryoda/diagnostics/api/tests/family/DeleteFamilyMemberTest.java,DeleteFamilyMemberTest,test_DeleteFamilyMember_EmptyGuid,,Validate that Delete Family Member Empty Guid.,,Implemented
JavaTest,src/test/java/com/mryoda/diagnostics/api/tests/family/DeleteFamilyMemberTest.java,DeleteFamilyMemberTest,test_DeleteFamilyMember_InvalidAuthToken,,Validate that Delete Family Member Invalid Auth Token.,,Implemented
JavaTest,src/test/java/com/mryoda/diagnostics/api/tests/family/DeleteFamilyMemberTest.java,DeleteFamilyMemberTest,test_DeleteFamilyMember_InvalidGuidFormat,,Validate that Delete Family Member Invalid Guid Format.,,Implemented
JavaTest,src/test/java/com/mryoda/diagnostics/api/tests/family/DeleteFamilyMemberTest.java,DeleteFamilyMemberTest,test_DeleteFamilyMember_NoAuthToken,,Validate that Delete Family Member No Auth Token.,,Implemented
JavaTest,src/test/java/com/mryoda/diagnostics/api/tests/family/DeleteFamilyMemberTest.java,DeleteFamilyMemberTest,test_DeleteFamilyMember_NonExistentGuid,,Validate that Delete Family Member Non Existent Guid.,,Implemented
JavaTest,src/test/java/com/mryoda/diagnostics/api/tests/family/DeleteFamilyMemberTest.java,DeleteFamilyMemberTest,test_DeleteFamilyMember_ValidId_VerifyDeletion,,Validate that Delete Family Member Valid Id Verify Deletion.,,Implemented
JavaTest,src/test/java/com/mryoda/diagnostics/api/tests/family/FamilyMemberCompleteTest.java,now,neg01_Add_MissingAll,,Validate that Neg01 Add Missing All.,,Implemented
JavaTest,src/test/java/com/mryoda/diagnostics/api/tests/family/FamilyMemberCompleteTest.java,now,neg02_Add_MissingUserId,,Validate that Neg02 Add Missing User Id.,,Implemented
JavaTest,src/test/java/com/mryoda/diagnostics/api/tests/family/FamilyMemberCompleteTest.java,now,neg03_Add_MissingFirstName,,Validate that Neg03 Add Missing First Name.,,Implemented
JavaTest,src/test/java/com/mryoda/diagnostics/api/tests/family/FamilyMemberCompleteTest.java,now,neg04_Add_MissingLastName,,Validate that Neg04 Add Missing Last Name.,,Implemented
JavaTest,src/test/java/com/mryoda/diagnostics/api/tests/family/FamilyMemberCompleteTest.java,now,neg05_Add_InvalidMobile,,Validate that Neg05 Add Invalid Mobile.,,Implemented
JavaTest,src/test/java/com/mryoda/diagnostics/api/tests/family/FamilyMemberCompleteTest.java,now,neg06_Add_InvalidGender,,Validate that Neg06 Add Invalid Gender.,,Implemented
JavaTest,src/test/java/com/mryoda/diagnostics/api/tests/family/FamilyMemberCompleteTest.java,now,neg07_Add_InvalidDateFormat,,Validate that Neg07 Add Invalid Date Format.,,Implemented
JavaTest,src/test/java/com/mryoda/diagnostics/api/tests/family/FamilyMemberCompleteTest.java,now,neg08_Add_NoAuth,,Validate that Neg08 Add No Auth.,,Implemented
JavaTest,src/test/java/com/mryoda/diagnostics/api/tests/family/FamilyMemberCompleteTest.java,now,neg09_Add_InvalidAuth,,Validate that Neg09 Add Invalid Auth.,,Implemented
JavaTest,src/test/java/com/mryoda/diagnostics/api/tests/family/FamilyMemberCompleteTest.java,now,neg09a_Add_FutureDOB,,Validate that Neg09a Add Future DOB.,,Implemented
JavaTest,src/test/java/com/mryoda/diagnostics/api/tests/family/FamilyMemberCompleteTest.java,now,neg09b_Add_VeryLongName,,Validate that Neg09b Add Very Long Name.,,Implemented
JavaTest,src/test/java/com/mryoda/diagnostics/api/tests/family/FamilyMemberCompleteTest.java,now,neg10_Get_NonExistent,,Validate that Neg10 Get Non Existent.,,Implemented
JavaTest,src/test/java/com/mryoda/diagnostics/api/tests/family/FamilyMemberCompleteTest.java,now,neg11_Get_InvalidFormat,,Validate that Neg11 Get Invalid Format.,,Implemented
JavaTest,src/test/java/com/mryoda/diagnostics/api/tests/family/FamilyMemberCompleteTest.java,now,neg12_Get_EmptyGuid,,Validate that Neg12 Get Empty Guid.,,Implemented
JavaTest,src/test/java/com/mryoda/diagnostics/api/tests/family/FamilyMemberCompleteTest.java,now,neg13_Get_NoAuth,,Validate that Neg13 Get No Auth.,,Implemented
JavaTest,src/test/java/com/mryoda/diagnostics/api/tests/family/FamilyMemberCompleteTest.java,now,neg14_Get_InvalidAuth,,Validate that Neg14 Get Invalid Auth.,,Implemented
JavaTest,src/test/java/com/mryoda/diagnostics/api/tests/family/FamilyMemberCompleteTest.java,now,neg14a_Get_SpecialChars,,Validate that Neg14a Get Special Chars.,,Implemented
JavaTest,src/test/java/com/mryoda/diagnostics/api/tests/family/FamilyMemberCompleteTest.java,now,neg15_Update_MissingGuid,,Validate that Neg15 Update Missing Guid.,,Implemented
JavaTest,src/test/java/com/mryoda/diagnostics/api/tests/family/FamilyMemberCompleteTest.java,now,neg16_Update_NonExistent,,Validate that Neg16 Update Non Existent.,,Implemented
JavaTest,src/test/java/com/mryoda/diagnostics/api/tests/family/FamilyMemberCompleteTest.java,now,neg17_Update_InvalidGuidFormat,,Validate that Neg17 Update Invalid Guid Format.,,Implemented
JavaTest,src/test/java/com/mryoda/diagnostics/api/tests/family/FamilyMemberCompleteTest.java,now,neg18_Update_InvalidMobile,,Validate that Neg18 Update Invalid Mobile.,,Implemented
JavaTest,src/test/java/com/mryoda/diagnostics/api/tests/family/FamilyMemberCompleteTest.java,now,neg19_Update_InvalidGender,,Validate that Neg19 Update Invalid Gender.,,Implemented
JavaTest,src/test/java/com/mryoda/diagnostics/api/tests/family/FamilyMemberCompleteTest.java,now,neg20_Update_NoAuth,,Validate that Neg20 Update No Auth.,,Implemented
JavaTest,src/test/java/com/mryoda/diagnostics/api/tests/family/FamilyMemberCompleteTest.java,now,neg21_Update_InvalidAuth,,Validate that Neg21 Update Invalid Auth.,,Implemented
JavaTest,src/test/java/com/mryoda/diagnostics/api/tests/family/FamilyMemberCompleteTest.java,now,neg21a_Update_EmptyPayload,,Validate that Neg21a Update Empty Payload.,,Implemented
JavaTest,src/test/java/com/mryoda/diagnostics/api/tests/family/FamilyMemberCompleteTest.java,now,neg22_Delete_NonExistent,,Validate that Neg22 Delete Non Existent.,,Implemented
JavaTest,src/test/java/com/mryoda/diagnostics/api/tests/family/FamilyMemberCompleteTest.java,now,neg23_Delete_InvalidFormat,,Validate that Neg23 Delete Invalid Format.,,Implemented
JavaTest,src/test/java/com/mryoda/diagnostics/api/tests/family/FamilyMemberCompleteTest.java,now,neg24_Delete_EmptyGuid,,Validate that Neg24 Delete Empty Guid.,,Implemented
JavaTest,src/test/java/com/mryoda/diagnostics/api/tests/family/FamilyMemberCompleteTest.java,now,neg25_Delete_NoAuth,,Validate that Neg25 Delete No Auth.,,Implemented
JavaTest,src/test/java/com/mryoda/diagnostics/api/tests/family/FamilyMemberCompleteTest.java,now,neg26_Delete_InvalidAuth,,Validate that Neg26 Delete Invalid Auth.,,Implemented
JavaTest,src/test/java/com/mryoda/diagnostics/api/tests/family/FamilyMemberCompleteTest.java,now,neg27_Delete_DoubleDelete,,Validate that Neg27 Delete Double Delete.,,Implemented
JavaTest,src/test/java/com/mryoda/diagnostics/api/tests/family/FamilyMemberCompleteTest.java,now,neg28_Delete_SQLInjection,,Validate that Neg28 Delete SQLInjection.,,Implemented
JavaTest,src/test/java/com/mryoda/diagnostics/api/tests/family/FamilyMemberCompleteTest.java,now,test01_AddFamilyMember_Positive,,Validate that Test01 Add Family Member Positive.,,Implemented
JavaTest,src/test/java/com/mryoda/diagnostics/api/tests/family/FamilyMemberCompleteTest.java,now,test02_GetFamilyMember_FieldValidations,,Validate that Test02 Get Family Member Field Validations.,,Implemented
JavaTest,src/test/java/com/mryoda/diagnostics/api/tests/family/FamilyMemberCompleteTest.java,now,test03_UpdateFamilyMember_Flow,,Validate that Test03 Update Family Member Flow.,,Implemented
JavaTest,src/test/java/com/mryoda/diagnostics/api/tests/family/FamilyMemberCompleteTest.java,now,test04_Get_VerifyPersistence,,Validate that Test04 Get Verify Persistence.,,Implemented
JavaTest,src/test/java/com/mryoda/diagnostics/api/tests/family/FamilyMemberCompleteTest.java,now,test05_Delete_VerifyDeletion,,Validate that Test05 Delete Verify Deletion.,,Implemented
JavaTest,src/test/java/com/mryoda/diagnostics/api/tests/family/FamilyMemberFlowTest.java,FamilyMemberFlowTest,negativeTest01_00_Add_MissingAll_Request,,Validate that Negative Test01 00 Add Missing All Request.,,Implemented
JavaTest,src/test/java/com/mryoda/diagnostics/api/tests/family/FamilyMemberFlowTest.java,FamilyMemberFlowTest,negativeTest01_01_Add_MissingAll_Validate,,Validate that Negative Test01 01 Add Missing All Validate.,,Implemented
JavaTest,src/test/java/com/mryoda/diagnostics/api/tests/family/FamilyMemberFlowTest.java,FamilyMemberFlowTest,negativeTest02_AddFamilyMember_MissingUserId,,Validate that Negative Test02 Add Family Member Missing User Id.,,Implemented
JavaTest,src/test/java/com/mryoda/diagnostics/api/tests/family/FamilyMemberFlowTest.java,FamilyMemberFlowTest,negativeTest03_AddFamilyMember_MissingFirstName,,Validate that Negative Test03 Add Family Member Missing First Name.,,Implemented
JavaTest,src/test/java/com/mryoda/diagnostics/api/tests/family/FamilyMemberFlowTest.java,FamilyMemberFlowTest,negativeTest04_AddFamilyMember_MissingLastName,,Validate that Negative Test04 Add Family Member Missing Last Name.,,Implemented
JavaTest,src/test/java/com/mryoda/diagnostics/api/tests/family/FamilyMemberFlowTest.java,FamilyMemberFlowTest,negativeTest05_AddFamilyMember_InvalidMobileFormat,,Validate that Negative Test05 Add Family Member Invalid Mobile Format.,,Implemented
JavaTest,src/test/java/com/mryoda/diagnostics/api/tests/family/FamilyMemberFlowTest.java,FamilyMemberFlowTest,negativeTest06_AddFamilyMember_InvalidGender,,Validate that Negative Test06 Add Family Member Invalid Gender.,,Implemented
JavaTest,src/test/java/com/mryoda/diagnostics/api/tests/family/FamilyMemberFlowTest.java,FamilyMemberFlowTest,negativeTest07_AddFamilyMember_InvalidDateFormat,,Validate that Negative Test07 Add Family Member Invalid Date Format.,,Implemented
JavaTest,src/test/java/com/mryoda/diagnostics/api/tests/family/FamilyMemberFlowTest.java,FamilyMemberFlowTest,negativeTest08_AddFamilyMember_NoAuthToken,,Validate that Negative Test08 Add Family Member No Auth Token.,,Implemented
JavaTest,src/test/java/com/mryoda/diagnostics/api/tests/family/FamilyMemberFlowTest.java,FamilyMemberFlowTest,negativeTest09_AddFamilyMember_InvalidAuthToken,,Validate that Negative Test09 Add Family Member Invalid Auth Token.,,Implemented
JavaTest,src/test/java/com/mryoda/diagnostics/api/tests/family/FamilyMemberFlowTest.java,FamilyMemberFlowTest,negativeTest09a_AddFamilyMember_FutureDOB,,Validate that Negative Test09a Add Family Member Future DOB.,,Implemented
JavaTest,src/test/java/com/mryoda/diagnostics/api/tests/family/FamilyMemberFlowTest.java,FamilyMemberFlowTest,negativeTest09b_AddFamilyMember_VeryLongName,,Validate that Negative Test09b Add Family Member Very Long Name.,,Implemented
JavaTest,src/test/java/com/mryoda/diagnostics/api/tests/family/FamilyMemberFlowTest.java,FamilyMemberFlowTest,negativeTest10_GetFamilyMember_NonExistentGuid,,Validate that Negative Test10 Get Family Member Non Existent Guid.,,Implemented
JavaTest,src/test/java/com/mryoda/diagnostics/api/tests/family/FamilyMemberFlowTest.java,FamilyMemberFlowTest,negativeTest11_GetFamilyMember_InvalidGuidFormat,,Validate that Negative Test11 Get Family Member Invalid Guid Format.,,Implemented
JavaTest,src/test/java/com/mryoda/diagnostics/api/tests/family/FamilyMemberFlowTest.java,FamilyMemberFlowTest,negativeTest12_GetFamilyMember_EmptyGuid,,Validate that Negative Test12 Get Family Member Empty Guid.,,Implemented
JavaTest,src/test/java/com/mryoda/diagnostics/api/tests/family/FamilyMemberFlowTest.java,FamilyMemberFlowTest,negativeTest13_GetFamilyMember_NoAuthToken,,Validate that Negative Test13 Get Family Member No Auth Token.,,Implemented
JavaTest,src/test/java/com/mryoda/diagnostics/api/tests/family/FamilyMemberFlowTest.java,FamilyMemberFlowTest,negativeTest14_GetFamilyMember_InvalidAuthToken,,Validate that Negative Test14 Get Family Member Invalid Auth Token.,,Implemented
JavaTest,src/test/java/com/mryoda/diagnostics/api/tests/family/FamilyMemberFlowTest.java,FamilyMemberFlowTest,negativeTest14a_GetFamilyMember_SpecialCharsinGuid,,Validate that Negative Test14a Get Family Member Special Charsin Guid.,,Implemented
JavaTest,src/test/java/com/mryoda/diagnostics/api/tests/family/FamilyMemberFlowTest.java,FamilyMemberFlowTest,negativeTest15_UpdateFamilyMember_MissingGuid,,Validate that Negative Test15 Update Family Member Missing Guid.,,Implemented
JavaTest,src/test/java/com/mryoda/diagnostics/api/tests/family/FamilyMemberFlowTest.java,FamilyMemberFlowTest,negativeTest16_UpdateFamilyMember_NonExistentGuid,,Validate that Negative Test16 Update Family Member Non Existent Guid.,,Implemented
JavaTest,src/test/java/com/mryoda/diagnostics/api/tests/family/FamilyMemberFlowTest.java,FamilyMemberFlowTest,negativeTest17_UpdateFamilyMember_InvalidGuidFormat,,Validate that Negative Test17 Update Family Member Invalid Guid Format.,,Implemented
JavaTest,src/test/java/com/mryoda/diagnostics/api/tests/family/FamilyMemberFlowTest.java,FamilyMemberFlowTest,negativeTest18_UpdateFamilyMember_InvalidMobileFormat,,Validate that Negative Test18 Update Family Member Invalid Mobile Format.,,Implemented
JavaTest,src/test/java/com/mryoda/diagnostics/api/tests/family/FamilyMemberFlowTest.java,FamilyMemberFlowTest,negativeTest19_UpdateFamilyMember_InvalidGender,,Validate that Negative Test19 Update Family Member Invalid Gender.,,Implemented
JavaTest,src/test/java/com/mryoda/diagnostics/api/tests/family/FamilyMemberFlowTest.java,FamilyMemberFlowTest,negativeTest20_UpdateFamilyMember_NoAuthToken,,Validate that Negative Test20 Update Family Member No Auth Token.,,Implemented
JavaTest,src/test/java/com/mryoda/diagnostics/api/tests/family/FamilyMemberFlowTest.java,FamilyMemberFlowTest,negativeTest21_UpdateFamilyMember_InvalidAuthToken,,Validate that Negative Test21 Update Family Member Invalid Auth Token.,,Implemented
JavaTest,src/test/java/com/mryoda/diagnostics/api/tests/family/FamilyMemberFlowTest.java,FamilyMemberFlowTest,negativeTest21a_UpdateFamilyMember_EmptyPayload,,Validate that Negative Test21a Update Family Member Empty Payload.,,Implemented
JavaTest,src/test/java/com/mryoda/diagnostics/api/tests/family/FamilyMemberFlowTest.java,FamilyMemberFlowTest,negativeTest22_DeleteFamilyMember_NonExistentGuid,,Validate that Negative Test22 Delete Family Member Non Existent Guid.,,Implemented
JavaTest,src/test/java/com/mryoda/diagnostics/api/tests/family/FamilyMemberFlowTest.java,FamilyMemberFlowTest,negativeTest23_DeleteFamilyMember_InvalidGuidFormat,,Validate that Negative Test23 Delete Family Member Invalid Guid Format.,,Implemented
JavaTest,src/test/java/com/mryoda/diagnostics/api/tests/family/FamilyMemberFlowTest.java,FamilyMemberFlowTest,negativeTest24_DeleteFamilyMember_EmptyGuid,,Validate that Negative Test24 Delete Family Member Empty Guid.,,Implemented
JavaTest,src/test/java/com/mryoda/diagnostics/api/tests/family/FamilyMemberFlowTest.java,FamilyMemberFlowTest,negativeTest25_DeleteFamilyMember_NoAuthToken,,Validate that Negative Test25 Delete Family Member No Auth Token.,,Implemented
JavaTest,src/test/java/com/mryoda/diagnostics/api/tests/family/FamilyMemberFlowTest.java,FamilyMemberFlowTest,negativeTest26_DeleteFamilyMember_InvalidAuthToken,,Validate that Negative Test26 Delete Family Member Invalid Auth Token.,,Implemented
JavaTest,src/test/java/com/mryoda/diagnostics/api/tests/family/FamilyMemberFlowTest.java,FamilyMemberFlowTest,negativeTest27_DeleteFamilyMember_DoubleDelete,,Validate that Negative Test27 Delete Family Member Double Delete.,,Implemented
JavaTest,src/test/java/com/mryoda/diagnostics/api/tests/family/FamilyMemberFlowTest.java,FamilyMemberFlowTest,negativeTest28_DeleteFamilyMember_SQLInjection,,Validate that Negative Test28 Delete Family Member SQLInjection.,,Implemented
JavaTest,src/test/java/com/mryoda/diagnostics/api/tests/family/FamilyMemberFlowTest.java,FamilyMemberFlowTest,step00_RegisterNewUser,,Validate that Step00 Register New User.,,Implemented
JavaTest,src/test/java/com/mryoda/diagnostics/api/tests/family/FamilyMemberFlowTest.java,FamilyMemberFlowTest,step00b_RegisterUserProfile,,Validate that Step00b Register User Profile.,,Implemented
JavaTest,src/test/java/com/mryoda/diagnostics/api/tests/family/FamilyMemberFlowTest.java,FamilyMemberFlowTest,step01_00_PerformAddRequest,,Validate that Step01 00 Perform Add Request.,,Implemented
JavaTest,src/test/java/com/mryoda/diagnostics/api/tests/family/FamilyMemberFlowTest.java,FamilyMemberFlowTest,step01_01_ValidateAddStatus,,Validate that Step01 01 Validate Add Status.,,Implemented
JavaTest,src/test/java/com/mryoda/diagnostics/api/tests/family/FamilyMemberFlowTest.java,FamilyMemberFlowTest,step01_02_ValidateAddGuid,,Validate that Step01 02 Validate Add Guid.,,Implemented
JavaTest,src/test/java/com/mryoda/diagnostics/api/tests/family/FamilyMemberFlowTest.java,FamilyMemberFlowTest,step01_03_ValidateAddFirstName,,Validate that Step01 03 Validate Add First Name.,,Implemented
JavaTest,src/test/java/com/mryoda/diagnostics/api/tests/family/FamilyMemberFlowTest.java,FamilyMemberFlowTest,step01_04_ValidateAddLastName,,Validate that Step01 04 Validate Add Last Name.,,Implemented
JavaTest,src/test/java/com/mryoda/diagnostics/api/tests/family/FamilyMemberFlowTest.java,FamilyMemberFlowTest,step01_05_ValidateAddMobile,,Validate that Step01 05 Validate Add Mobile.,,Implemented
JavaTest,src/test/java/com/mryoda/diagnostics/api/tests/family/FamilyMemberFlowTest.java,FamilyMemberFlowTest,step01_06_ValidateAddGender,,Validate that Step01 06 Validate Add Gender.,,Implemented
JavaTest,src/test/java/com/mryoda/diagnostics/api/tests/family/FamilyMemberFlowTest.java,FamilyMemberFlowTest,step01_07_ValidateAddDob,,Validate that Step01 07 Validate Add Dob.,,Implemented
JavaTest,src/test/java/com/mryoda/diagnostics/api/tests/family/FamilyMemberFlowTest.java,FamilyMemberFlowTest,step01_08_ValidateAddRelation,,Validate that Step01 08 Validate Add Relation.,,Implemented
JavaTest,src/test/java/com/mryoda/diagnostics/api/tests/family/FamilyMemberFlowTest.java,FamilyMemberFlowTest,step02_00_PerformGetRequest,,Validate that Step02 00 Perform Get Request.,,Implemented
JavaTest,src/test/java/com/mryoda/diagnostics/api/tests/family/FamilyMemberFlowTest.java,FamilyMemberFlowTest,step02_01_ValidateGetStatus,,Validate that Step02 01 Validate Get Status.,,Implemented
JavaTest,src/test/java/com/mryoda/diagnostics/api/tests/family/FamilyMemberFlowTest.java,FamilyMemberFlowTest,step02_02_ValidateGetFirstName,,Validate that Step02 02 Validate Get First Name.,,Implemented
JavaTest,src/test/java/com/mryoda/diagnostics/api/tests/family/FamilyMemberFlowTest.java,FamilyMemberFlowTest,step02_03_ValidateGetLastName,,Validate that Step02 03 Validate Get Last Name.,,Implemented
JavaTest,src/test/java/com/mryoda/diagnostics/api/tests/family/FamilyMemberFlowTest.java,FamilyMemberFlowTest,step02_04_ValidateGetMobile,,Validate that Step02 04 Validate Get Mobile.,,Implemented
JavaTest,src/test/java/com/mryoda/diagnostics/api/tests/family/FamilyMemberFlowTest.java,FamilyMemberFlowTest,step02_05_ValidateGetGender,,Validate that Step02 05 Validate Get Gender.,,Implemented
JavaTest,src/test/java/com/mryoda/diagnostics/api/tests/family/FamilyMemberFlowTest.java,FamilyMemberFlowTest,step02_06_ValidateGetDob,,Validate that Step02 06 Validate Get Dob.,,Implemented
JavaTest,src/test/java/com/mryoda/diagnostics/api/tests/family/FamilyMemberFlowTest.java,FamilyMemberFlowTest,step02_07_ValidateGetRelation,,Validate that Step02 07 Validate Get Relation.,,Implemented
JavaTest,src/test/java/com/mryoda/diagnostics/api/tests/family/FamilyMemberFlowTest.java,FamilyMemberFlowTest,step02_08_ValidateGetGuid,,Validate that Step02 08 Validate Get Guid.,,Implemented
JavaTest,src/test/java/com/mryoda/diagnostics/api/tests/family/FamilyMemberFlowTest.java,FamilyMemberFlowTest,step03_00_PerformUpdateRequest,,Validate that Step03 00 Perform Update Request.,,Implemented
JavaTest,src/test/java/com/mryoda/diagnostics/api/tests/family/FamilyMemberFlowTest.java,FamilyMemberFlowTest,step03_01_ValidateUpdateStatus,,Validate that Step03 01 Validate Update Status.,,Implemented
JavaTest,src/test/java/com/mryoda/diagnostics/api/tests/family/FamilyMemberFlowTest.java,FamilyMemberFlowTest,step04_00_PerformGetVerifyUpdate,,Validate that Step04 00 Perform Get Verify Update.,,Implemented
JavaTest,src/test/java/com/mryoda/diagnostics/api/tests/family/FamilyMemberFlowTest.java,FamilyMemberFlowTest,step04_01_ValidateVerifyUpdateStatus,,Validate that Step04 01 Validate Verify Update Status.,,Implemented
JavaTest,src/test/java/com/mryoda/diagnostics/api/tests/family/FamilyMemberFlowTest.java,FamilyMemberFlowTest,step04_02_ValidateVerifyUpdateFirstName,,Validate that Step04 02 Validate Verify Update First Name.,,Implemented
JavaTest,src/test/java/com/mryoda/diagnostics/api/tests/family/FamilyMemberFlowTest.java,FamilyMemberFlowTest,step05_00_PerformDeleteRequest,,Validate that Step05 00 Perform Delete Request.,,Implemented
JavaTest,src/test/java/com/mryoda/diagnostics/api/tests/family/FamilyMemberFlowTest.java,FamilyMemberFlowTest,step05_01_ValidateDeleteStatus,,Validate that Step05 01 Validate Delete Status.,,Implemented
JavaTest,src/test/java/com/mryoda/diagnostics/api/tests/family/FamilyMemberFlowTest.java,FamilyMemberFlowTest,step05_02_ValidateDeleteMessage,,Validate that Step05 02 Validate Delete Message.,,Implemented
JavaTest,src/test/java/com/mryoda/diagnostics/api/tests/family/FamilyMemberFlowTest.java,FamilyMemberFlowTest,step06_DeleteUser,,Validate that Step06 Delete User.,,Implemented
JavaTest,src/test/java/com/mryoda/diagnostics/api/tests/family/FamilyMemberNegativeTest.java,FamilyMemberNegativeTest,test_AddFamilyMember_InvalidAuthToken,,Validate that Add Family Member Invalid Auth Token.,,Implemented
JavaTest,src/test/java/com/mryoda/diagnostics/api/tests/family/FamilyMemberNegativeTest.java,FamilyMemberNegativeTest,test_AddFamilyMember_InvalidDateFormat,,Validate that Add Family Member Invalid Date Format.,,Implemented
JavaTest,src/test/java/com/mryoda/diagnostics/api/tests/family/FamilyMemberNegativeTest.java,FamilyMemberNegativeTest,test_AddFamilyMember_InvalidGender,,Validate that Add Family Member Invalid Gender.,,Implemented
JavaTest,src/test/java/com/mryoda/diagnostics/api/tests/family/FamilyMemberNegativeTest.java,FamilyMemberNegativeTest,test_AddFamilyMember_InvalidMobileFormat,,Validate that Add Family Member Invalid Mobile Format.,,Implemented
JavaTest,src/test/java/com/mryoda/diagnostics/api/tests/family/FamilyMemberNegativeTest.java,FamilyMemberNegativeTest,test_AddFamilyMember_MissingFirstName,,Validate that Add Family Member Missing First Name.,,Implemented
JavaTest,src/test/java/com/mryoda/diagnostics/api/tests/family/FamilyMemberNegativeTest.java,FamilyMemberNegativeTest,test_AddFamilyMember_MissingRequiredFields,,Validate that Add Family Member Missing Required Fields.,,Implemented
JavaTest,src/test/java/com/mryoda/diagnostics/api/tests/family/FamilyMemberNegativeTest.java,FamilyMemberNegativeTest,test_AddFamilyMember_MissingUserId,,Validate that Add Family Member Missing User Id.,,Implemented
JavaTest,src/test/java/com/mryoda/diagnostics/api/tests/family/FamilyMemberNegativeTest.java,FamilyMemberNegativeTest,test_AddFamilyMember_NoAuthToken,,Validate that Add Family Member No Auth Token.,,Implemented
JavaTest,src/test/java/com/mryoda/diagnostics/api/tests/family/FamilyMemberNegativeTest.java,FamilyMemberNegativeTest,test_DeleteFamilyMember_InvalidGuid,,Validate that Delete Family Member Invalid Guid.,,Implemented
JavaTest,src/test/java/com/mryoda/diagnostics/api/tests/family/FamilyMemberNegativeTest.java,FamilyMemberNegativeTest,test_DeleteFamilyMember_NoAuthToken,,Validate that Delete Family Member No Auth Token.,,Implemented
JavaTest,src/test/java/com/mryoda/diagnostics/api/tests/family/FamilyMemberNegativeTest.java,FamilyMemberNegativeTest,test_GetFamilyMember_InvalidGuid,,Validate that Get Family Member Invalid Guid.,,Implemented
JavaTest,src/test/java/com/mryoda/diagnostics/api/tests/family/FamilyMemberNegativeTest.java,FamilyMemberNegativeTest,test_GetFamilyMember_NoAuthToken,,Validate that Get Family Member No Auth Token.,,Implemented
JavaTest,src/test/java/com/mryoda/diagnostics/api/tests/family/FamilyMemberNegativeTest.java,FamilyMemberNegativeTest,test_UpdateFamilyMember_MissingGuid,,Validate that Update Family Member Missing Guid.,,Implemented
JavaTest,src/test/java/com/mryoda/diagnostics/api/tests/family/FamilyMemberNegativeTest.java,FamilyMemberNegativeTest,test_UpdateFamilyMember_NonExistentGuid,,Validate that Update Family Member Non Existent Guid.,,Implemented
JavaTest,src/test/java/com/mryoda/diagnostics/api/tests/family/GetFamilyMemberTest.java,GetFamilyMemberTest,test_GetFamilyMember_EmptyGuid,,Validate that Get Family Member Empty Guid.,,Implemented
JavaTest,src/test/java/com/mryoda/diagnostics/api/tests/family/GetFamilyMemberTest.java,GetFamilyMemberTest,test_GetFamilyMember_InvalidAuthToken,,Validate that Get Family Member Invalid Auth Token.,,Implemented
JavaTest,src/test/java/com/mryoda/diagnostics/api/tests/family/GetFamilyMemberTest.java,GetFamilyMemberTest,test_GetFamilyMember_InvalidGuidFormat,,Validate that Get Family Member Invalid Guid Format.,,Implemented
JavaTest,src/test/java/com/mryoda/diagnostics/api/tests/family/GetFamilyMemberTest.java,GetFamilyMemberTest,test_GetFamilyMember_NoAuthToken,,Validate that Get Family Member No Auth Token.,,Implemented
JavaTest,src/test/java/com/mryoda/diagnostics/api/tests/family/GetFamilyMemberTest.java,GetFamilyMemberTest,test_GetFamilyMember_NonExistentGuid,,Validate that Get Family Member Non Existent Guid.,,Implemented
JavaTest,src/test/java/com/mryoda/diagnostics/api/tests/family/GetFamilyMemberTest.java,GetFamilyMemberTest,test_GetFamilyMember_ValidId_AllFieldsValidated,,Validate that Get Family Member Valid Id All Fields Validated.,,Implemented
JavaTest,src/test/java/com/mryoda/diagnostics/api/tests/family/UpdateFamilyMemberTest.java,UpdateFamilyMemberTest,test_UpdateFamilyMember_InvalidAuthToken,,Validate that Update Family Member Invalid Auth Token.,,Implemented
JavaTest,src/test/java/com/mryoda/diagnostics/api/tests/family/UpdateFamilyMemberTest.java,UpdateFamilyMemberTest,test_UpdateFamilyMember_InvalidGender,,Validate that Update Family Member Invalid Gender.,,Implemented
JavaTest,src/test/java/com/mryoda/diagnostics/api/tests/family/UpdateFamilyMemberTest.java,UpdateFamilyMemberTest,test_UpdateFamilyMember_InvalidGuidFormat,,Validate that Update Family Member Invalid Guid Format.,,Implemented
JavaTest,src/test/java/com/mryoda/diagnostics/api/tests/family/UpdateFamilyMemberTest.java,UpdateFamilyMemberTest,test_UpdateFamilyMember_InvalidMobileFormat,,Validate that Update Family Member Invalid Mobile Format.,,Implemented
JavaTest,src/test/java/com/mryoda/diagnostics/api/tests/family/UpdateFamilyMemberTest.java,UpdateFamilyMemberTest,test_UpdateFamilyMember_MissingGuid,,Validate that Update Family Member Missing Guid.,,Implemented
JavaTest,src/test/java/com/mryoda/diagnostics/api/tests/family/UpdateFamilyMemberTest.java,UpdateFamilyMemberTest,test_UpdateFamilyMember_NoAuthToken,,Validate that Update Family Member No Auth Token.,,Implemented
JavaTest,src/test/java/com/mryoda/diagnostics/api/tests/family/UpdateFamilyMemberTest.java,UpdateFamilyMemberTest,test_UpdateFamilyMember_NonExistentGuid,,Validate that Update Family Member Non Existent Guid.,,Implemented
JavaTest,src/test/java/com/mryoda/diagnostics/api/tests/family/UpdateFamilyMemberTest.java,UpdateFamilyMemberTest,test_UpdateFamilyMember_ValidData_AllFieldsValidated,,Validate that Update Family Member Valid Data All Fields Validated.,,Implemented
JavaTest,src/test/java/com/mryoda/diagnostics/api/tests/order/AddFamilyMemberTest.java,AddFamilyMemberTest,testAddFamilyMemberAndAddToCart,,Validate that Add Family Member And Add To Cart.,,Implemented
JavaTest,src/test/java/com/mryoda/diagnostics/api/tests/order/AddFamilyMemberWithRewardsTest.java,AddFamilyMemberWithRewardsTest,testAddFamilyMemberAndAddToCartWithRewards,,Validate that Add Family Member And Add To Cart With Rewards.,,Implemented
JavaTest,src/test/java/com/mryoda/diagnostics/api/tests/order/COD_05_CrossApiValidationTest.java,COD_05_CrossApiValidationTest,step05_CrossApiValidation,,Validate that Step05 Cross Api Validation.,,Implemented
JavaTest,src/test/java/com/mryoda/diagnostics/api/tests/order/COD_07_AssignOrderTest.java,COD_07_AssignOrderTest,step07_AssignOrder,,Validate that Step07 Assign Order.,,Implemented
JavaTest,src/test/java/com/mryoda/diagnostics/api/tests/order/COD_08_VerifyStatusAssignedTest.java,COD_08_VerifyStatusAssignedTest,step08_VerifyStatusAssigned,,Validate that Step08 Verify Status Assigned.,,Implemented
JavaTest,src/test/java/com/mryoda/diagnostics/api/tests/order/COD_09_UpdateOrderTrackingTest.java,COD_09_UpdateOrderTrackingTest,step09_UpdateOrderTracking,,Validate that Step09 Update Order Tracking.,,Implemented
JavaTest,src/test/java/com/mryoda/diagnostics/api/tests/order/COD_10_FinalVerificationTest.java,COD_10_FinalVerificationTest,step10_FinalVerification,,Validate that Step10 Final Verification.,,Implemented
JavaTest,src/test/java/com/mryoda/diagnostics/api/tests/order/COD_11_AdminVerifyOtpTest.java,COD_11_AdminVerifyOtpTest,step11_AdminVerifyOtp,,Validate that Step11 Admin Verify Otp.,,Implemented
JavaTest,src/test/java/com/mryoda/diagnostics/api/tests/order/COD_13_UpdateStatusSamplesCollectedTest.java,COD_13_UpdateStatusSamplesCollectedTest,step13_UpdateStatusSamplesCollected,,Validate that Step13 Update Status Samples Collected.,,Implemented
JavaTest,src/test/java/com/mryoda/diagnostics/api/tests/order/COD_14_VerifySamplesCollectedStatusTest.java,COD_14_VerifySamplesCollectedStatusTest,step14_VerifySamplesCollectedStatus,,Validate that Step14 Verify Samples Collected Status.,,Implemented
JavaTest,src/test/java/com/mryoda/diagnostics/api/tests/order/COD_16_VisitStatusAPITest.java,COD_16_VisitStatusAPITest,testGetVisitStatus,,Validate that Get Visit Status.,,Implemented
JavaTest,src/test/java/com/mryoda/diagnostics/api/tests/order/COD_17_ReportGenerationTest.java,COD_17_ReportGenerationTest,testGetReportAndVerifyPDF,,Validate that Get Report And Verify PDF.,,Implemented
JavaTest,src/test/java/com/mryoda/diagnostics/api/tests/order/COD_19_OrderCancellationTest.java,COD_19_OrderCancellationTest,step19_A_VerifyOrderBeforeCancellation,,Validate that Step19 A Verify Order Before Cancellation.,,Implemented
JavaTest,src/test/java/com/mryoda/diagnostics/api/tests/order/COD_19_OrderCancellationTest.java,COD_19_OrderCancellationTest,step19_B_CancelOrder,,Validate that Step19 B Cancel Order.,,Implemented
JavaTest,src/test/java/com/mryoda/diagnostics/api/tests/order/COD_19_OrderCancellationTest.java,COD_19_OrderCancellationTest,step19_C_VerifyOrderAfterCancellation,,Validate that Step19 C Verify Order After Cancellation.,,Implemented
JavaTest,src/test/java/com/mryoda/diagnostics/api/tests/order/COD_20_CancellationRefundTest.java,so,step20_A_ProcessCashback,,Validate that Step20 A Process Cashback.,,Implemented
JavaTest,src/test/java/com/mryoda/diagnostics/api/tests/order/COD_20_CancellationRefundTest.java,so,step20_B_FinalUpdateOrderCancelled,,Validate that Step20 B Final Update Order Cancelled.,,Implemented
JavaTest,src/test/java/com/mryoda/diagnostics/api/tests/order/COD_20_CancellationRefundTest.java,so,step20_C_ApproveCancelledOrder,,Validate that Step20 C Approve Cancelled Order.,,Implemented
JavaTest,src/test/java/com/mryoda/diagnostics/api/tests/order/COD_20_CancellationRefundTest.java,so,step20_D_VerifyCancelledOrderDetails,,Validate that Step20 D Verify Cancelled Order Details.,,Implemented
JavaTest,src/test/java/com/mryoda/diagnostics/api/tests/order/COD_20_CancellationRefundTest.java,so,step20_E_VerifyPaymentById,,Validate that Step20 E Verify Payment By Id.,,Implemented
JavaTest,src/test/java/com/mryoda/diagnostics/api/tests/order/COD_20_CancellationRefundTest.java,so,step20_F_VerifyRewardsByMobile,,Validate that Step20 F Verify Rewards By Mobile.,,Implemented
JavaTest,src/test/java/com/mryoda/diagnostics/api/tests/order/COD_20_CancellationRefundTest.java,so,step20_G_VerifyTransactionByMobile,,Validate that Step20 G Verify Transaction By Mobile.,,Implemented
JavaTest,src/test/java/com/mryoda/diagnostics/api/tests/order/CreateOrderAPITest.java,CreateOrderAPITest,testCreateOrder_ForMember,,Validate that Create Order For Member.,,Implemented
JavaTest,src/test/java/com/mryoda/diagnostics/api/tests/order/CreateOrderAPITest.java,CreateOrderAPITest,testCreateOrder_ForNewUser,,Validate that Create Order For New User.,,Implemented
JavaTest,src/test/java/com/mryoda/diagnostics/api/tests/order/CreateOrderAPITest.java,CreateOrderAPITest,testCreateOrder_ForNonMember,,Validate that Create Order For Non Member.,,Implemented
JavaTest,src/test/java/com/mryoda/diagnostics/api/tests/order/CreateOrderCODAPITest.java,CreateOrderCODAPITest,testCOD_Flow_ForMember,,Validate that COD Flow For Member.,,Implemented
JavaTest,src/test/java/com/mryoda/diagnostics/api/tests/order/CreateOrderCODAPITest.java,CreateOrderCODAPITest,testCOD_Flow_ForNewUser,,Validate that COD Flow For New User.,,Implemented
JavaTest,src/test/java/com/mryoda/diagnostics/api/tests/order/CreateOrderCODAPITest.java,CreateOrderCODAPITest,testCOD_Flow_ForNonMember,,Validate that COD Flow For Non Member.,,Implemented
JavaTest,src/test/java/com/mryoda/diagnostics/api/tests/order/DetailedCODFlowTest.java,DetailedCODFlowTest,step01_LoginAndSetup,,Validate that Step01 Login And Setup.,,Implemented
JavaTest,src/test/java/com/mryoda/diagnostics/api/tests/order/DetailedCODFlowTest.java,DetailedCODFlowTest,step02_VerifyCartAndPrice,,Validate that Step02 Verify Cart And Price.,,Implemented
JavaTest,src/test/java/com/mryoda/diagnostics/api/tests/order/DetailedCODFlowTest.java,DetailedCODFlowTest,step03_AddAddressAndSlot,,Validate that Step03 Add Address And Slot.,,Implemented
JavaTest,src/test/java/com/mryoda/diagnostics/api/tests/order/DetailedCODFlowTest.java,DetailedCODFlowTest,step04_VerifyPaymentPreCheck,,Validate that Step04 Verify Payment Pre Check.,,Implemented
JavaTest,src/test/java/com/mryoda/diagnostics/api/tests/order/DetailedCODFlowTest.java,DetailedCODFlowTest,step05_CrossApiValidation,,Validate that Step05 Cross Api Validation.,,Implemented
JavaTest,src/test/java/com/mryoda/diagnostics/api/tests/order/DetailedCODFlowTest.java,DetailedCODFlowTest,step06_PhlebotomistLogin,,Validate that Step06 Phlebotomist Login.,,Implemented
JavaTest,src/test/java/com/mryoda/diagnostics/api/tests/order/DetailedCODFlowTest.java,DetailedCODFlowTest,step07_AssignOrder,,Validate that Step07 Assign Order.,,Implemented
JavaTest,src/test/java/com/mryoda/diagnostics/api/tests/order/DetailedCODFlowTest.java,DetailedCODFlowTest,step08_VerifyStatusAssigned,,Validate that Step08 Verify Status Assigned.,,Implemented
JavaTest,src/test/java/com/mryoda/diagnostics/api/tests/order/DetailedCODFlowTest.java,DetailedCODFlowTest,step09_UpdateOrderTracking,,Validate that Step09 Update Order Tracking.,,Implemented
JavaTest,src/test/java/com/mryoda/diagnostics/api/tests/order/DetailedCODFlowTest.java,DetailedCODFlowTest,step10_FinalVerification,,Validate that Step10 Final Verification.,,Implemented
JavaTest,src/test/java/com/mryoda/diagnostics/api/tests/order/DetailedCODFlowTest.java,DetailedCODFlowTest,step11_AdminVerifyOtp,,Validate that Step11 Admin Verify Otp.,,Implemented
JavaTest,src/test/java/com/mryoda/diagnostics/api/tests/order/DetailedCODFlowTest.java,DetailedCODFlowTest,step12_GetSampleType,,Validate that Step12 Get Sample Type.,,Implemented
JavaTest,src/test/java/com/mryoda/diagnostics/api/tests/order/DetailedCODFlowTest.java,DetailedCODFlowTest,step13_UpdateStatusSamplesCollected,,Validate that Step13 Update Status Samples Collected.,,Implemented
JavaTest,src/test/java/com/mryoda/diagnostics/api/tests/order/DetailedCODFlowTest.java,DetailedCODFlowTest,step14_VerifySamplesCollectedStatus,,Validate that Step14 Verify Samples Collected Status.,,Implemented
JavaTest,src/test/java/com/mryoda/diagnostics/api/tests/order/DetailedCODFlowTest.java,DetailedCODFlowTest,step16_VerifyPackageContents,,Validate that Step16 Verify Package Contents.,,Implemented
JavaTest,src/test/java/com/mryoda/diagnostics/api/tests/order/DetailedCODFlowTest.java,DetailedCODFlowTest,step17_ProcessResultEntryCheck,,Validate that Step17 Process Result Entry Check.,,Implemented
JavaTest,src/test/java/com/mryoda/diagnostics/api/tests/order/DetailedCODFlowTest.java,DetailedCODFlowTest,testCOD_Flow_ForMember,,Validate that COD Flow For Member.,,Implemented
JavaTest,src/test/java/com/mryoda/diagnostics/api/tests/order/DetailedCODFlowTest.java,DetailedCODFlowTest,testCOD_Flow_ForNewUser,,Validate that COD Flow For New User.,,Implemented
JavaTest,src/test/java/com/mryoda/diagnostics/api/tests/order/DetailedCODFlowTest.java,DetailedCODFlowTest,testCOD_Flow_ForNonMember,,Validate that COD Flow For Non Member.,,Implemented
JavaTest,src/test/java/com/mryoda/diagnostics/api/tests/order/HomeSampleCollectionFlowTest.java,HomeSampleCollectionFlowTest,step02b_AddFamilyMember,,Validate that Step02b Add Family Member.,,Implemented
JavaTest,src/test/java/com/mryoda/diagnostics/api/tests/order/PayOnlineCrossApiValidationTest.java,PayOnlineCrossApiValidationTest,stepCrossApi_01_OrderStatusValidation,,Validate that Step Cross Api 01 Order Status Validation.,,Implemented
JavaTest,src/test/java/com/mryoda/diagnostics/api/tests/order/PayOnlineCrossApiValidationTest.java,PayOnlineCrossApiValidationTest,stepCrossApi_02_PriceValidation,,Validate that Step Cross Api 02 Price Validation.,,Implemented
JavaTest,src/test/java/com/mryoda/diagnostics/api/tests/order/PayOnlineCrossApiValidationTest.java,PayOnlineCrossApiValidationTest,stepCrossApi_03_ProductNameValidation,,Validate that Step Cross Api 03 Product Name Validation.,,Implemented
JavaTest,src/test/java/com/mryoda/diagnostics/api/tests/order/PayOnlineCrossApiValidationTest.java,PayOnlineCrossApiValidationTest,stepCrossApi_04_VisitNumberValidation,,Validate that Step Cross Api 04 Visit Number Validation.,,Implemented
JavaTest,src/test/java/com/mryoda/diagnostics/api/tests/order/PayOnlineCrossApiValidationTest.java,PayOnlineCrossApiValidationTest,stepCrossApi_05_OrderItemsPriceConsistency,,Validate that Step Cross Api 05 Order Items Price Consistency.,,Implemented
JavaTest,src/test/java/com/mryoda/diagnostics/api/tests/order/PayOnlineCrossApiValidationTest.java,PayOnlineCrossApiValidationTest,stepCrossApi_06_RewardsValidation,,Validate that Step Cross Api 06 Rewards Validation.,,Implemented
JavaTest,src/test/java/com/mryoda/diagnostics/api/tests/order/PayOnlineCrossApiValidationTest.java,PayOnlineCrossApiValidationTest,stepCrossApi_07_PaymentDetailsValidation,,Validate that Step Cross Api 07 Payment Details Validation.,,Implemented
JavaTest,src/test/java/com/mryoda/diagnostics/api/tests/order/PayOnlineCrossApiValidationTest.java,PayOnlineCrossApiValidationTest,stepCrossApi_08_FinalRewardBalanceCheck,,Validate that Step Cross Api 08 Final Reward Balance Check.,,Implemented
JavaTest,src/test/java/com/mryoda/diagnostics/api/tests/order/PayOnlineCrossApiValidationTest.java,PayOnlineCrossApiValidationTest,stepCrossApi_09_MultiMemberValidation,,Validate that Step Cross Api 09 Multi Member Validation.,,Implemented
JavaTest,src/test/java/com/mryoda/diagnostics/api/tests/order/PayOnlineCrossApiValidationTest.java,PayOnlineCrossApiValidationTest,stepCrossApi_10_CatalogPriceValidation,,Validate that Step Cross Api 10 Catalog Price Validation.,,Implemented
JavaTest,src/test/java/com/mryoda/diagnostics/api/tests/order/ReportValidationTest.java,ReportValidationTest,validateReportsFromAPI,,Validate that Validate Reports From API.,,Implemented
JavaTest,src/test/java/com/mryoda/diagnostics/api/tests/order/Section4_OrderCreationTest.java,Section4_OrderCreationTest,ORD_01_AddAddress_Member,,Validate that ORD 01 Add Address Member.,,Implemented
JavaTest,src/test/java/com/mryoda/diagnostics/api/tests/order/Section4_OrderCreationTest.java,Section4_OrderCreationTest,ORD_02_GetDeliveryCenters,,Validate that ORD 02 Get Delivery Centers.,,Implemented
JavaTest,src/test/java/com/mryoda/diagnostics/api/tests/order/Section4_OrderCreationTest.java,Section4_OrderCreationTest,ORD_03_GetAvailableSlots,,Validate that ORD 03 Get Available Slots.,,Implemented
JavaTest,src/test/java/com/mryoda/diagnostics/api/tests/order/Section4_OrderCreationTest.java,Section4_OrderCreationTest,ORD_04_CreateCODOrder_Member,,Validate that ORD 04 Create CODOrder Member.,,Implemented
JavaTest,src/test/java/com/mryoda/diagnostics/api/tests/order/Section4_OrderCreationTest.java,Section4_OrderCreationTest,ORD_05_CreateCODOrder_NonMember,,Validate that ORD 05 Create CODOrder Non Member.,,Implemented
JavaTest,src/test/java/com/mryoda/diagnostics/api/tests/order/Section4_OrderCreationTest.java,Section4_OrderCreationTest,ORD_06_CreatePrepaidOrder_Member,,Validate that ORD 06 Create Prepaid Order Member.,,Implemented
JavaTest,src/test/java/com/mryoda/diagnostics/api/tests/order/Section4_OrderCreationTest.java,Section4_OrderCreationTest,ORD_07_GetOrderById_VerifyFields,,Validate that ORD 07 Get Order By Id Verify Fields.,,Implemented
JavaTest,src/test/java/com/mryoda/diagnostics/api/tests/order/Section4_OrderCreationTest.java,Section4_OrderCreationTest,ORD_08_CreateOrder_MissingCartId,,Validate that ORD 08 Create Order Missing Cart Id.,,Implemented
JavaTest,src/test/java/com/mryoda/diagnostics/api/tests/order/Section4_OrderCreationTest.java,Section4_OrderCreationTest,ORD_09_CreateOrder_InvalidPaymentMode,,Validate that ORD 09 Create Order Invalid Payment Mode.,,Implemented
JavaTest,src/test/java/com/mryoda/diagnostics/api/tests/order/Section4_OrderCreationTest.java,Section4_OrderCreationTest,ORD_10_CreateOrder_PastDateSlot,,Validate that ORD 10 Create Order Past Date Slot.,,Implemented
JavaTest,src/test/java/com/mryoda/diagnostics/api/tests/order/SwitchOrderContextTest.java,SwitchOrderContextTest,switchActiveOrder,,Validate that Switch Active Order.,,Implemented
JavaTest,src/test/java/com/mryoda/diagnostics/api/tests/payment/COD_04_VerifyPaymentPreCheckTest.java,COD_04_VerifyPaymentPreCheckTest,step04_VerifyPaymentPreCheck,,Validate that Step04 Verify Payment Pre Check.,,Implemented
JavaTest,src/test/java/com/mryoda/diagnostics/api/tests/payment/COD_15_ApprovePaymentTest.java,COD_15_ApprovePaymentTest,step15_ApprovePayment,,Validate that Step15 Approve Payment.,,Implemented
JavaTest,src/test/java/com/mryoda/diagnostics/api/tests/rewards/COD_18_RewardValidationTest.java,COD_18_RewardValidationTest,step18_A_VerifyInitialRewards,,Validate that Step18 A Verify Initial Rewards.,,Implemented
JavaTest,src/test/java/com/mryoda/diagnostics/api/tests/rewards/COD_18_RewardValidationTest.java,COD_18_RewardValidationTest,step18_B_VerifyRewardsGain,,Validate that Step18 B Verify Rewards Gain.,,Implemented
JavaTest,src/test/java/com/mryoda/diagnostics/api/tests/rewards/COD_18_RewardValidationTest.java,COD_18_RewardValidationTest,step18_C_VerifyFinalRewardsBalance,,Validate that Step18 C Verify Final Rewards Balance.,,Implemented
JavaTest,src/test/java/com/mryoda/diagnostics/api/tests/slot/COD_03_AddAddressAndSlotTest.java,COD_03_AddAddressAndSlotTest,step03_AddAddressAndSlot,,Validate that Step03 Add Address And Slot.,,Implemented
JavaTest,src/test/java/com/mryoda/diagnostics/api/tests/slot/COD_03_AddLabSlotTest.java,COD_03_AddLabSlotTest,step03_AddLabSlot,,Validate that Step03 Add Lab Slot.,,Implemented
JavaTest,src/test/java/com/mryoda/diagnostics/api/tests/slot/GetCentersByAddressAPITest.java,GetCentersByAddressAPITest,testGetCentersByAddress_ForMember,,Validate that Get Centers By Address For Member.,,Implemented
JavaTest,src/test/java/com/mryoda/diagnostics/api/tests/slot/GetCentersByAddressAPITest.java,GetCentersByAddressAPITest,testGetCentersByAddress_ForNewUser,,Validate that Get Centers By Address For New User.,,Implemented
JavaTest,src/test/java/com/mryoda/diagnostics/api/tests/slot/GetCentersByAddressAPITest.java,GetCentersByAddressAPITest,testGetCentersByAddress_ForNonMember,,Validate that Get Centers By Address For Non Member.,,Implemented
JavaTest,src/test/java/com/mryoda/diagnostics/api/tests/slot/SlotAndCartUpdateAPITest.java,SlotAndCartUpdateAPITest,testSlotAndCartUpdate_ForMember,,Validate that Slot And Cart Update For Member.,,Implemented
JavaTest,src/test/java/com/mryoda/diagnostics/api/tests/slot/SlotAndCartUpdateAPITest.java,SlotAndCartUpdateAPITest,testSlotAndCartUpdate_ForNewUser,,Validate that Slot And Cart Update For New User.,,Implemented
JavaTest,src/test/java/com/mryoda/diagnostics/api/tests/slot/SlotAndCartUpdateAPITest.java,SlotAndCartUpdateAPITest,testSlotAndCartUpdate_ForNonMember,,Validate that Slot And Cart Update For Non Member.,,Implemented
JavaTest,src/test/java/com/mryoda/diagnostics/api/tests/tests_packages/BrandAPITest.java,BrandAPITest,testGetBrands_ForMember,,Validate that Get Brands For Member.,,Implemented
JavaTest,src/test/java/com/mryoda/diagnostics/api/tests/tests_packages/BrandAPITest.java,BrandAPITest,testGetBrands_ForNewUser,,Validate that Get Brands For New User.,,Implemented
JavaTest,src/test/java/com/mryoda/diagnostics/api/tests/tests_packages/BrandAPITest.java,BrandAPITest,testGetBrands_ForNonMember,,Validate that Get Brands For Non Member.,,Implemented
JavaTest,src/test/java/com/mryoda/diagnostics/api/tests/tests_packages/COD_12_GetSampleTypeTest.java,COD_12_GetSampleTypeTest,step12_GetSampleType,,Validate that Step12 Get Sample Type.,,Implemented
JavaTest,src/test/java/com/mryoda/diagnostics/api/tests/tests_packages/CatalogVerificationAPITest.java,CatalogVerificationAPITest,verifyDiagnosticsCatalog,,Validate that Verify Diagnostics Catalog.,,Implemented
JavaTest,src/test/java/com/mryoda/diagnostics/api/tests/tests_packages/CatalogVerificationAPITest.java,CatalogVerificationAPITest,verifyDnaDecoderCatalog,,Validate that Verify Dna Decoder Catalog.,,Implemented
JavaTest,src/test/java/com/mryoda/diagnostics/api/tests/tests_packages/CatalogVerificationAPITest.java,CatalogVerificationAPITest,verifyFetalMedicineCatalog,,Validate that Verify Fetal Medicine Catalog.,,Implemented
JavaTest,src/test/java/com/mryoda/diagnostics/api/tests/tests_packages/CatalogVerificationAPITest.java,CatalogVerificationAPITest,verifyPackagesCatalog,,Validate that Verify Packages Catalog.,,Implemented
JavaTest,src/test/java/com/mryoda/diagnostics/api/tests/tests_packages/CatalogVerificationAPITest.java,CatalogVerificationAPITest,verifyPgxCatalog,,Validate that Verify Pgx Catalog.,,Implemented
JavaTest,src/test/java/com/mryoda/diagnostics/api/tests/tests_packages/GlobalSearchAPITest.java,GlobalSearchAPITest,testGlobalSearch_ForMember,,Validate that Global Search For Member.,,Implemented
JavaTest,src/test/java/com/mryoda/diagnostics/api/tests/tests_packages/GlobalSearchAPITest.java,GlobalSearchAPITest,testGlobalSearch_ForNewUser,,Validate that Global Search For New User.,,Implemented
JavaTest,src/test/java/com/mryoda/diagnostics/api/tests/tests_packages/GlobalSearchAPITest.java,GlobalSearchAPITest,testGlobalSearch_ForNonMember,,Validate that Global Search For Non Member.,,Implemented
JavaTest,src/test/java/com/mryoda/diagnostics/api/tests/tests_packages/LocationAPITest.java,LocationAPITest,testGetLocations_ForMember,,Validate that Get Locations For Member.,,Implemented
JavaTest,src/test/java/com/mryoda/diagnostics/api/tests/tests_packages/LocationAPITest.java,LocationAPITest,testGetLocations_ForNewUser,,Validate that Get Locations For New User.,,Implemented
JavaTest,src/test/java/com/mryoda/diagnostics/api/tests/tests_packages/LocationAPITest.java,LocationAPITest,testGetLocations_ForNonMember,,Validate that Get Locations For Non Member.,,Implemented
JavaTest,src/test/java/com/mryoda/diagnostics/api/tests/tests_packages/Section2_LocationAndCatalogTest.java,Section2_LocationAndCatalogTest,CAT_01_GetLabLocations,,Validate that CAT 01 Get Lab Locations.,,Implemented
JavaTest,src/test/java/com/mryoda/diagnostics/api/tests/tests_packages/Section2_LocationAndCatalogTest.java,Section2_LocationAndCatalogTest,CAT_02_DiagnosticsCatalog,,Validate that CAT 02 Diagnostics Catalog.,,Implemented
JavaTest,src/test/java/com/mryoda/diagnostics/api/tests/tests_packages/Section2_LocationAndCatalogTest.java,Section2_LocationAndCatalogTest,CAT_03_DnaDecoderCatalog,,Validate that CAT 03 Dna Decoder Catalog.,,Implemented
JavaTest,src/test/java/com/mryoda/diagnostics/api/tests/tests_packages/Section2_LocationAndCatalogTest.java,Section2_LocationAndCatalogTest,CAT_04_PgxCatalog,,Validate that CAT 04 Pgx Catalog.,,Implemented
JavaTest,src/test/java/com/mryoda/diagnostics/api/tests/tests_packages/Section2_LocationAndCatalogTest.java,Section2_LocationAndCatalogTest,CAT_05_FetalMedicineCatalog,,Validate that CAT 05 Fetal Medicine Catalog.,,Implemented
JavaTest,src/test/java/com/mryoda/diagnostics/api/tests/tests_packages/Section2_LocationAndCatalogTest.java,Section2_LocationAndCatalogTest,CAT_06_PackagesCatalog,,Validate that CAT 06 Packages Catalog.,,Implemented
JavaTest,src/test/java/com/mryoda/diagnostics/api/tests/tests_packages/Section2_LocationAndCatalogTest.java,Section2_LocationAndCatalogTest,CAT_07_GetBrandsList,,Validate that CAT 07 Get Brands List.,,Implemented
JavaTest,src/test/java/com/mryoda/diagnostics/api/tests/tests_packages/Section2_LocationAndCatalogTest.java,Section2_LocationAndCatalogTest,CAT_08_InvalidLocationId,,Validate that CAT 08 Invalid Location Id.,,Implemented
JavaTest,src/test/java/com/mryoda/diagnostics/api/tests/tests_packages/Section2_LocationAndCatalogTest.java,Section2_LocationAndCatalogTest,CAT_09_EmptyCatalogResult,,Validate that CAT 09 Empty Catalog Result.,,Implemented
JavaTest,src/test/java/com/mryoda/diagnostics/api/tests/ui_integration/COD_99_TriggerUITest.java,COD_99_TriggerUITest,triggerUIAutomation,,Validate that Trigger UIAutomation.,,Implemented
JavaTest,src/test/java/hooks/Hooks.java,Hooks,Hooks,,Validate that Hooks.,,Implemented
JavaTest,src/test/java/stepDefinition/APIGlobalSearchPricingSteps.java,APIGlobalSearchPricingSteps,APIGlobalSearchPricingSteps,,Validate that APIGlobal Search Pricing Steps.,,Implemented
JavaTest,src/test/java/stepDefinition/AddMemberPageSteps.java,AddMemberPageSteps,AddMemberPageSteps,,Validate that Add Member Page Steps.,,Implemented
JavaTest,src/test/java/stepDefinition/BaseSteps.java,BaseSteps,BaseSteps,,Validate that Base Steps.,,Implemented
JavaTest,src/test/java/stepDefinition/CartPageSteps.java,CartPageSteps,CartPageSteps,,Validate that Cart Page Steps.,,Implemented
JavaTest,src/test/java/stepDefinition/CheckoutPageSteps.java,CheckoutPageSteps,CheckoutPageSteps,,Validate that Checkout Page Steps.,,Implemented
JavaTest,src/test/java/stepDefinition/CodItDose.java,CodItDose,CodItDose,,Validate that Cod It Dose.,,Implemented
JavaTest,src/test/java/stepDefinition/CucumberHooks.java,CucumberHooks,CucumberHooks,,Validate that Cucumber Hooks.,,Implemented
JavaTest,src/test/java/stepDefinition/DNADecoder.java,DNADecoder,DNADecoder,,Validate that DNADecoder.,,Implemented
JavaTest,src/test/java/stepDefinition/DiagnosticsPageSteps.java,DiagnosticsPageSteps,DiagnosticsPageSteps,,Validate that Diagnostics Page Steps.,,Implemented
JavaTest,src/test/java/stepDefinition/FamilyAndFriendsPage.java,FamilyAndFriendsPage,FamilyAndFriendsPage,,Validate that Family And Friends Page.,,Implemented
JavaTest,src/test/java/stepDefinition/HomePageSteps.java,HomePageSteps,HomePageSteps,,Validate that Home Page Steps.,,Implemented
JavaTest,src/test/java/stepDefinition/LoginPageSteps.java,LoginPageSteps,LoginPageSteps,,Validate that Login Page Steps.,,Implemented
JavaTest,src/test/java/stepDefinition/MyOrdersPageSteps.java,MyOrdersPageSteps,MyOrdersPageSteps,,Validate that My Orders Page Steps.,,Implemented
JavaTest,src/test/java/stepDefinition/PayOnlineHybridSteps.java,PayOnlineHybridSteps,PayOnlineHybridSteps,,Validate that Pay Online Hybrid Steps.,,Implemented
JavaTest,src/test/java/stepDefinition/PaymentPageSteps.java,PaymentPageSteps,PaymentPageSteps,,Validate that Payment Page Steps.,,Implemented
JavaTest,src/test/java/stepDefinition/ProfilePage.java,ProfilePage,ProfilePage,,Validate that Profile Page.,,Implemented
JavaTest,src/test/java/stepDefinition/UserAddressPageSteps.java,UserAddressPageSteps,UserAddressPageSteps,,Validate that User Address Page Steps.,,Implemented
JavaTest,src/test/java/testRunner/AddMemberSuiteRunner.java,AddMemberSuiteRunner,AddMemberSuiteRunner,,Validate that Add Member Suite Runner.,,Implemented
JavaTest,src/test/java/testRunner/NewUserRegistrationSuiteRunner.java,NewUserRegistrationSuiteRunner,NewUserRegistrationSuiteRunner,,Validate that New User Registration Suite Runner.,,Implemented
JavaTest,src/test/java/testRunner/PayOnlineSuiteRunner.java,PayOnlineSuiteRunner,PayOnlineSuiteRunner,,Validate that Pay Online Suite Runner.,,Implemented
JavaTest,src/test/java/testRunner/RunnerTest.java,RunnerTest,RunnerTest,,Validate that Runner Test.,,Implemented
JavaTest,src/test/java/utilities/ExtentReportListener.java,ExtentReportListener,ExtentReportListener,,Validate that Extent Report Listener.,,Implemented
JavaTest,src/test/java/utilities/ScenarioContext.java,ScenarioContext,ScenarioContext,,Validate that Scenario Context.,,Implemented
